Data Source,World Development Indicators,,,,,,,,,,,,,,,,,,,,,,,,,,,,,,,,,,,,,,,,,,,,,,,,,,,,,,,,,,,,,,,,,,,,
,,,,,,,,,,,,,,,,,,,,,,,,,,,,,,,,,,,,,,,,,,,,,,,,,,,,,,,,,,,,,,,,,,,,,
Last Updated Date,01-07-2026,,,,,,,,,,,,,,,,,,,,,,,,,,,,,,,,,,,,,,,,,,,,,,,,,,,,,,,,,,,,,,,,,,,,
,,,,,,,,,,,,,,,,,,,,,,,,,,,,,,,,,,,,,,,,,,,,,,,,,,,,,,,,,,,,,,,,,,,,,
Country Name,Country Code,Indicator Name,Indicator Code,1960,1961,1962,1963,1964,1965,1966,1967,1968,1969,1970,1971,1972,1973,1974,1975,1976,1977,1978,1979,1980,1981,1982,1983,1984,1985,1986,1987,1988,1989,1990,1991,1992,1993,1994,1995,1996,1997,1998,1999,2000,2001,2002,2003,2004,2005,2006,2007,2008,2009,2010,2011,2012,2013,2014,2015,2016,2017,2018,2019,2020,2021,2022,2023,2024,2025
Aruba,ABW,"Hospital beds (per 1,000 people)",SH.MED.BEDS.ZS,,,,,,,,,,,,,,,,,,,,,,,,,,,,,,,,,,,,,,,,,,,,,,,,,,,,,,,,,,,,,,,,,,
Africa Eastern and Southern,AFE,"Hospital beds (per 1,000 people)",SH.MED.BEDS.ZS,1.973383485,,,,,,,,,,1.725942048,,,,,,,,,,,,,,,,,,,,1.011876794,,,,,,,,,,,,,,,,,,,,,,,,,,,,,,,,,,,
Afghanistan,AFG,"Hospital beds (per 1,000 people)",SH.MED.BEDS.ZS,0.170626998,,,,,,,,,,0.199000001,,,,,,,,,,,0.275599986,,,,,,0.309100002,,,0.249799997,,,,,,,,,,,,,,,,,,,,,0.45,0.46,0.46,0.46,0.44,0.45,0.42,0.4,0.38,0.33,0.36,0.36,0.35,,
Africa Western and Central,AFW,"Hospital beds (per 1,000 people)",SH.MED.BEDS.ZS,0.786552156,,,,,,,,,,0.973676642,,,,,0.842452653,,,,,,,,,,,,,,,1.468726824,,,,,,,,,,,,,,,,,,,,,,,,,,,,,,,,,,,
Angola,AGO,"Hospital beds (per 1,000 people)",SH.MED.BEDS.ZS,2.061461687,,,,,,,,,,2.720999956,,,,,,,,,,,,,,,,,,,,1.291300058,,,,,,,,,,,,,,,,,,,,,,,,,,,,,0.75,,,,,,
Albania,ALB,"Hospital beds (per 1,000 people)",SH.MED.BEDS.ZS,5.102675915,,,,,,,,,,,,,,,,,,,,4.271699905,4.187099934,4.160699844,4.086200237,4.138999939,4.138800144,4.069699764,3.970000029,3.935499907,4.132100105,4.02489996,3.998699904,4.013400078,3.831399918,3.017100096,3.190000057,3.140000105,3.049999952,3.049999952,3.029999971,3.21,3.17,3.09,3.05,3.04,3.02,3.06,3.04,3.04,2.97,2.97,2.88,2.87,2.88,2.86,2.84,2.82,2.82,2.83,2.84,2.9,,,,,
Andorra,AND,"Hospital beds (per 1,000 people)",SH.MED.BEDS.ZS,,,,,,,,,,,,,,,,,,,,,,,,,,,,,,,,,,,,,3.180000067,3,3.089999914,3.200000048,3.21,2.6,3.68,3.35,2.77,2.66,2.59,2.63,2.56,,,,,,,,,,,,,,,,,
Arab World,ARB,"Hospital beds (per 1,000 people)",SH.MED.BEDS.ZS,1.945666686,,,,,,,,,,1.914292513,,,,,1.567648878,,,,,,1.708450421,,,,,,,,,1.765132337,,,,,,,,,,1.584787226,1.560798607,1.632544131,1.643515176,1.617770223,1.604810609,1.606232365,1.622340183,1.487124577,1.432380699,1.394183635,1.403427214,1.396788899,1.364248917,1.384203157,1.465304335,1.442178936,1.344396127,1.29099014,1.30779662,1.353004953,1.214107375,,,,
United Arab Emirates,ARE,"Hospital beds (per 1,000 people)",SH.MED.BEDS.ZS,,,,,,,,,,,,,,,,,,,,,2.849499941,2.875099897,,,,,,,,,2.640000105,,3.060499907,,,,2.640000105,,,,1.97,1.98,1.95,1.95,1.76,1.31,,1.48,1.4,1.37,1.27,1.26,1.29,1.25,1.29,1.43,1.39,1.46,1.6,1.83,1.91,1.88,1.87,,,
Argentina,ARG,"Hospital beds (per 1,000 people)",SH.MED.BEDS.ZS,6.352250576,,,,,,,,,,5.585800171,,,,,,,,,,,,,,,,,,,,4.594299793,,,4.599999905,,,3.289999962,,,,,,,,,,,,,,,4.38,4.58,4.77,4.84,4.95,4.94,4.99,3.69,3.69,3.19,3.34,3.36,,,
Armenia,ARM,"Hospital beds (per 1,000 people)",SH.MED.BEDS.ZS,,,,,,,,,,,,,,,,,,,,,8.395400047,8.578399658,8.682800293,8.548100471,8.660099983,8.699199677,9.024200439,8.996600151,9.190400124,9.03579998,9.094799995,8.529299736,8.367699623,8.214699745,7.765999794,7.639999867,7.130000114,6.75,6.659999847,6.199999809,6.65,5.24,4.57,4.68,4.72,4.77,4.77,4.41,4.18,4.1,4.15,4.19,4.19,4.2,4.28,4.29,4.28,4.27,4.18,4.06,4.45,4.43,4.2,4.24,,
American Samoa,ASM,"Hospital beds (per 1,000 people)",SH.MED.BEDS.ZS,,,,,,,,,,,,,,,,,,,,,,,,,,,,,,,,,,,,,,,,,,,,,,,,,,,,,,,,,,,,,,,,,,
Antigua and Barbuda,ATG,"Hospital beds (per 1,000 people)",SH.MED.BEDS.ZS,7.706421852,,,,,,,,,,6.53000021,,,,,,,,,,,,,,,,,,,,6.599999905,,,6.104800224,,,3.880000114,,,,,,,,,,,,,,,2.14,,4,3.95,4.04,3.38,3.26,,,3.32,3.16,3.44,3.42,,
Australia,AUS,"Hospital beds (per 1,000 people)",SH.MED.BEDS.ZS,11.19999981,11.30000019,11.39999962,11.69999981,11.80000019,11.89999962,11.80000019,11.80000019,11.80000019,11.69999981,11.69999981,11.60000038,11.80000019,11.80000019,12,11.89999962,11.89999962,12.10000038,12.10000038,12.19999981,12.30000019,12.19999981,12.10000038,11.89999962,11.69999981,10.89999962,,10.5,,9.800000191,,9.199999809,8.899999619,8.899999619,8.699999809,8.699999809,8.5,8.300000191,8.199999809,7.900000095,4.02,3.94,3.91,3.95,3.97,3.88,3.9,,3.8,3.76,3.76,3.76,3.73,3.72,3.77,3.79,3.82,,,,,,,,,
Austria,AUT,"Hospital beds (per 1,000 people)",SH.MED.BEDS.ZS,10.80000019,,,,,,,,,,10.80000019,,,,,,,,,,11.19999981,,,,,10.89999962,10.80000019,10.69999981,10.60000038,10.39999962,10.19999981,9.899999619,9.699999809,9.399999619,9.5,9.399999619,9.300000191,9.199999809,9,8.899999619,7.95,7.85,7.81,7.73,7.73,7.69,7.66,7.75,7.69,7.68,7.65,7.67,7.67,7.64,7.58,7.54,7.42,7.37,7.27,7.19,7.05,6.91,6.7,,,
Azerbaijan,AZE,"Hospital beds (per 1,000 people)",SH.MED.BEDS.ZS,,,,,,,,,,,,,,,,,,,,,9.745200157,,,,,9.896800041,9.841099739,9.882100105,9.966300011,10.20440006,10.09920025,10.02089977,10.54279995,10.48750019,10.07059956,10.02000046,9.81000042,9.609999657,9.06000042,8.899999619,7.64,7.48,7.36,7.23,7.19,7.15,7,6.87,6.75,6.63,4.5,4.12,4.15,4.18,4.33,4.13,4.12,3.98,3.95,3.94,4.35,4.35,3.8,3.68,,
Burundi,BDI,"Hospital beds (per 1,000 people)",SH.MED.BEDS.ZS,1.122407317,,,,,,,,,,1.280599952,,,,,1.123200059,,,,,,,,,,,0.679199994,,,,,0.663100004,,,,,,,,,,,,,,,,,,,,,0.99,0.71,0.69,,,,,,,,,,,
Belgium,BEL,"Hospital beds (per 1,000 people)",SH.MED.BEDS.ZS,,,,,,,,,,,8.300000191,,,,,,,,,,9.399999619,,,,,9.100000381,,,,,8,7.900000095,7.699999809,7.699999809,7.599999905,,,7.199999809,7.199999809,7.099999905,6.72,6.62,6.54,6.53,6.48,6.43,6.35,6.27,6.25,6.14,6.09,6.05,5.98,5.93,5.85,5.83,5.76,5.66,5.62,5.57,5.53,5.5,5.46,5.42,,
Benin,BEN,"Hospital beds (per 1,000 people)",SH.MED.BEDS.ZS,1.225748777,,,,,,,,,,1.154899955,,,,,,,,,,1.464900017,1.131199956,,,,0.359600008,,,,,0.833899975,0.500500023,0.223100007,0.239099994,0.233600006,,,,,,,,,,,,,,,,0.43,0.47,0.46,0.46,0.44,0.43,0.42,0.42,0.44,0.4,0.45,0.43,,,,
Burkina Faso,BFA,"Hospital beds (per 1,000 people)",SH.MED.BEDS.ZS,0.523758113,,,,,,,,,,0.571500003,,,,,,,,,,,,,,,,,,,0.306400001,0.299299985,,,,,1.299999952,1.419999957,,,,,,,,,,,,,,,,,,,,,,,,0.2,,,,,
Bangladesh,BGD,"Hospital beds (per 1,000 people)",SH.MED.BEDS.ZS,,,,,,,,,,,0.155100003,,,,,,,,,,0.215800002,0.225199997,,,,0.287800014,,,,,0.304199994,0.308099985,,,0.304899991,,,,,0.300000012,,,,,,,,0.35,0.37,0.49,0.54,0.53,0.61,0.58,0.6,0.76,0.79,0.84,0.88,0.89,0.97,0.94,1.01,0.92,,
Bulgaria,BGR,"Hospital beds (per 1,000 people)",SH.MED.BEDS.ZS,6.213677406,,,,,,,,,,,,,,,,,,,,8.850600243,8.859000206,8.886699677,8.876799583,8.963000298,9.11400032,9.4520998,9.564200401,9.560199738,9.7020998,9.790800095,9.768199921,10.20639992,10.49419975,10.19610024,10.36999989,10.47000027,10.27999973,8.409999847,7.489999771,7.57,7.19,6.49,6.3,6.16,6.45,6.25,6.43,6.57,6.68,6.58,6.42,6.6,6.82,7.13,7.24,7.27,7.45,7.57,7.74,7.82,7.92,8.01,8.2,,
Bahrain,BHR,"Hospital beds (per 1,000 people)",SH.MED.BEDS.ZS,4.711409569,,,,,,,,,,4.342899799,,,,,,,,,,3.314399958,,,,,,,,,3.33949995,,,,,,,,2.900000095,,,2.71,2.64,2.56,2.35,2.19,2.18,2.05,1.93,1.88,1.77,1.76,2.06,2.02,2.02,1.95,1.89,1.81,1.74,1.81,1.93,1.99,2.13,1.84,,,
"Bahamas, The",BHS,"Hospital beds (per 1,000 people)",SH.MED.BEDS.ZS,5.725663662,,,,,,,,,,5.093599796,,,,,,,,,,4.404799938,,,,,,,,,,4,,,3.883899927,,3.6,3.940000057,,,,3.24,3.25,3.21,3.24,3.2,3.1,3.06,3.05,3.01,3,2.92,2.89,2.86,2.83,2.76,2.84,,2.99,2.78,2.77,2.76,2.75,2.21,2.17,,
Bosnia and Herzegovina,BIH,"Hospital beds (per 1,000 people)",SH.MED.BEDS.ZS,,,,,,,,,,,,,,,,,,,,,4.831099987,4.922800064,4.917900085,4.904699802,4.813700199,4.718100071,4.742000103,4.593500137,4.578199863,4.498300076,4.45909977,4.377999783,,,,,,,3.819999933,3.799999952,1.95,1.92,1.93,1.93,1.98,2,2,2.03,2.05,2.17,2.26,2.3,2.33,2.27,2.35,2.37,2.39,2.39,2.39,2.35,,,,,,
Belarus,BLR,"Hospital beds (per 1,000 people)",SH.MED.BEDS.ZS,,,,,,,,,,,,,,,,,,,,,12.54609966,,,,,13.07129955,13.26049995,13.45629978,13.37290001,13.5795002,13.22640038,13.20470047,12.69069958,12.4762001,12.46389961,12.38000011,12.27000046,12.35999966,12.42000008,12.64000034,12.01,11.99,11.4,10.83,10.26,10.69,10.76,10.82,10.72,10.68,10.88,10.68,10.71,10.49,10.31,10.25,10.06,10,9.93,9.93,10.09,10.02,9.93,9.77,,
Belize,BLZ,"Hospital beds (per 1,000 people)",SH.MED.BEDS.ZS,4.667765141,,,,,,,,,,5.401400089,,,,,,,,,,,,,,,,3.316800117,,,,2.700000048,,,2.799999952,,2.5,2.130000114,,,,,,,,,,,,1.14,1.12,1.12,1.1,1.09,1.09,1.04,0.97,0.95,1.04,1.04,,0.98,1.09,1.07,1,,
Bermuda,BMU,"Hospital beds (per 1,000 people)",SH.MED.BEDS.ZS,,,,,,,,,,,,,,,,,,,,,,,,,,,,,,,,,,,,,6.300000191,,,,,,,,,,,,,,,,,,,,,,,,,,,,,
Bolivia,BOL,"Hospital beds (per 1,000 people)",SH.MED.BEDS.ZS,1.845419288,,,,,,,,,,2.321700096,,,,,2.058799982,,,,,,,,,,,,,,,1.317800045,1.411000013,,1.399999976,,,1.669999957,,,,,,,,,1.06,1.09,1.09,1.08,1.05,1.06,1.04,1.07,1.09,1.12,1.18,1.23,1.26,1.26,1.28,1.37,1.37,1.39,1.49,,
Brazil,BRA,"Hospital beds (per 1,000 people)",SH.MED.BEDS.ZS,3.20179534,,,,,,,,,,3.691800117,,,,,4.995100021,,,,,,,,,,,,3.560300112,,,3.345299959,,,3.5,,,3.109999895,,,,2.81,2.78,2.59,2.42,,2.52,2.48,2.5,2.6,2.58,2.59,2.55,2.51,2.49,2.48,2.39,2.36,2.34,2.3,2.29,2.49,2.52,,,,
Barbados,BRB,"Hospital beds (per 1,000 people)",SH.MED.BEDS.ZS,5.929779053,,,,,,,,,,10.22159958,,,,,,,,,,8.534700394,,,,,,,,,,8.399999619,,,1.26760006,,7.4,7.559999943,,,,,,,,,,,,,,6.87,,6.45,6.45,6.03,6.01,6,6.09,6.03,5.72,5.64,6.42,6.27,6.4,,
Brunei Darussalam,BRN,"Hospital beds (per 1,000 people)",SH.MED.BEDS.ZS,4.902439117,,,,,,,,,,3.507699966,,,,,,,,,,,2.935899973,2.993999958,,,,,,,,,,,,,,,,,,2.84,2.72,2.66,2.7,2.67,3.22,2.91,2.87,2.97,2.91,2.81,2.84,2.7,2.77,2.69,3.06,3.1,3.34,3.42,3.66,3.84,3.82,4.19,3.58,,
Bhutan,BTN,"Hospital beds (per 1,000 people)",SH.MED.BEDS.ZS,,,,,,,,,,,,,,,,,,,,,,,,,,,1.705899954,,,,0.846700013,,,,1.614799976,,,,,1.600000024,1.71,1.67,1.64,1.71,1.71,1.63,1.69,1.71,1.7,1.71,1.69,1.8,1.78,1.76,1.74,1.72,1.71,1.69,1.72,2.09,2.13,2.21,2.19,2.16,,
Botswana,BWA,"Hospital beds (per 1,000 people)",SH.MED.BEDS.ZS,2.122916698,,,,,,,,,,,,,,,,,,,,2.363100052,,,,,,,,,,1.575199962,,,,,,,,,,2.13,2.16,2.2,2.09,2.05,2.16,2.17,2.17,2.17,2.29,2.47,2.55,2.5,2.59,2.57,2.61,2.57,2.54,2.5,2.47,2.43,2.39,2.36,,,
Central African Republic,CAF,"Hospital beds (per 1,000 people)",SH.MED.BEDS.ZS,1.231421113,,,,,,,,,,1.87559998,,,,,,,,,,1.558599949,,,,,,,,,,0.873199999,,,,,,,,,,,,,,,,1.2,,,,,1,,,,,,,,,,,,,,
Canada,CAN,"Hospital beds (per 1,000 people)",SH.MED.BEDS.ZS,6.199999809,,,,,,,,,,7,,,,,,6.900000095,6.900000095,6.900000095,6.800000191,6.800000191,6.900000095,6.800000191,6.800000191,6.800000191,6.800000191,6.699999809,6.599999905,6.5,6.300000191,6,5.800000191,5.5,5.400000095,,5,4.599999905,4.400000095,4.199999809,3.900000095,3.75,3.66,3.62,3.48,3.42,3.08,3,2.95,2.83,2.79,2.77,2.78,2.77,2.7,2.66,2.6,2.58,2.51,2.54,2.51,2.54,2.57,2.54,,,
Central Europe and the Baltics,CEB,"Hospital beds (per 1,000 people)",SH.MED.BEDS.ZS,,,,,,,,,,,,,,,,,,,,,8.030245211,,,,,8.20049509,,,,,8.119840504,8.038828765,7.672285757,7.642886058,7.630671597,7.2386887,7.268246557,7.023065449,6.797328839,6.616530679,,,,6.900770939,6.851069492,6.810246591,6.767565743,6.647818443,6.719488531,6.723452754,6.629507005,6.570060773,6.560166659,6.542828944,6.564971275,6.566998288,6.566750114,6.581130895,6.550138515,6.43946762,6.422599133,6.470445237,6.377617113,,,
Switzerland,CHE,"Hospital beds (per 1,000 people)",SH.MED.BEDS.ZS,,,,,,,,,,,,,,,,,,,,,,,,,,,,,,,,19.89999962,,,,,,,,,6.29,6.04,5.95,5.83,5.67,5.54,5.4,5.36,5.22,5.11,5.19,5.05,4.97,4.85,4.73,4.73,4.69,4.65,4.63,4.59,4.48,4.43,4.41,4.38,,
Channel Islands,CHI,"Hospital beds (per 1,000 people)",SH.MED.BEDS.ZS,11.15384579,,,,,,,,,,11.22500038,,,,,,,,,,10.65120029,10.5951004,,,,,,,,,,,,,,,,,,,,,,,,,,,,,,,,,,,,,,,,,,,,
Chile,CHL,"Hospital beds (per 1,000 people)",SH.MED.BEDS.ZS,3.67429018,,,,,,,,,,3.776400089,,,,,,,,,,3.406399965,,,,,,,,,3.176700115,3.158600092,,,3.099999905,,,2.670000076,,,,2.7,2.59,2.52,2.48,2.38,2.29,2.31,2.27,2.26,2.25,2.03,2.21,2.16,2.16,2.11,2.13,2.11,2.09,2.05,2.02,2.02,1.98,1.95,1.94,,
China,CHN,"Hospital beds (per 1,000 people)",SH.MED.BEDS.ZS,,,,,,1.440000057,1.519999981,1.5,1.450000048,1.450000048,1.539999962,1.580000043,1.710000038,1.769999981,1.850000024,1.919999957,2,2.069999933,2.140000105,2.200000048,2.230000019,2.25,2.25999999,2.289999962,2.329999924,2.369999886,2.400000095,2.480000019,2.539999962,2.559999943,2.579999924,2.599999905,2.619999886,2.630000114,2.630000114,2.609999895,2.549999952,2.549999952,2.529999971,2.519999981,1.71,1.69,1.73,1.75,1.82,1.87,1.94,2.02,2.16,2.32,2.51,2.72,3.04,3.32,3.57,3.82,4.05,4.33,4.59,4.82,5,5.2,5.38,5.63,,
Cote d'Ivoire,CIV,"Hospital beds (per 1,000 people)",SH.MED.BEDS.ZS,1.348769546,,,,,,,,,,1.156100035,,,,,,,,,,,,,,,,,,,0.828499973,0.81160003,,,,,,,,,,,,,,,,0.4,,,,,,,,,,,,,,,,,,,
Cameroon,CMR,"Hospital beds (per 1,000 people)",SH.MED.BEDS.ZS,2.00226593,,,,,,,,,,1.75150001,,,,,2.465899944,,,,,,,,,,,,,,2.59829998,2.553299904,,,,,,,,,,,,,,,,,,,,,,,,,,2.65,,,,,,,,,
"Congo, Dem. Rep.",COD,"Hospital beds (per 1,000 people)",SH.MED.BEDS.ZS,5.674036503,,,,,,,,,,3.323400021,,,,,3.225300074,,,,,,,,,,,,1.593099952,,,1.426800013,,,,,,,,,,,,,,,,0.8,,,,,,,,,,,,,,,,,,,
"Congo, Rep.",COG,"Hospital beds (per 1,000 people)",SH.MED.BEDS.ZS,3.757085085,,,,,,,,,,4.387199879,,,,,,,,,,,,,,,,,,,,3.349999905,,,,,,,,,,,,,,,1.6,,,,,,,,,,,,,,,,,,,,
Colombia,COL,"Hospital beds (per 1,000 people)",SH.MED.BEDS.ZS,2.575547218,,,,,,,,,,2.097300053,,,,,,,,,,1.564100027,,,,,,,,,1.251099944,1.366700053,,,1.299999952,,,1.460000038,,,,,,,,,,,,,,1.51,1.49,1.52,1.58,1.63,1.65,1.72,1.74,1.73,1.75,1.7,,,,,
Comoros,COM,"Hospital beds (per 1,000 people)",SH.MED.BEDS.ZS,,,,,,,,,,,,,,,,,,,,,,,,,,,,,,3.124900103,2.761600018,,,,,,,,,,,,,,,,2.2,,,,2.16,,,,,,,,,,,,,,,
Cabo Verde,CPV,"Hospital beds (per 1,000 people)",SH.MED.BEDS.ZS,,,,,,,,,,,1.408200026,,,,,,,,,,2.1868999,,,,,,,,1.5977,,,,1.583099961,,,,,,,,,,,,2.07,2.02,2.01,2.05,,2,2.03,2.11,2.19,2.09,2.05,2.08,2.07,2.1,2.19,2.14,,,2.21,,,
Costa Rica,CRI,"Hospital beds (per 1,000 people)",SH.MED.BEDS.ZS,4.790777206,,,,,,,,,,3.939599991,,,,,,,,,,3.314399958,,,,,,,,,,2.5,,,,1.793900013,1.779999971,1.75,1.710000038,1.679999948,,1.62,1.58,1.55,1.52,1.48,1.33,1.3,1.29,1.24,1.23,1.23,1.22,1.2,1.18,1.17,1.16,1.16,1.15,1.12,1.11,1.17,1.2,1.14,,,
Caribbean small states,CSS,"Hospital beds (per 1,000 people)",SH.MED.BEDS.ZS,5.619966654,,,,,,,,,,5.557548471,,,,,,,,,,,,,,,,,,,,4.820530866,,,3.390679223,,3.795764412,4.404425487,,,,,,,,,,,,,,2.705153135,,2.727689688,2.680500383,2.787078254,2.641906705,2.644072212,2.582910967,2.572660746,2.604669233,2.477985379,2.515652038,2.505363971,2.804368393,,
Cuba,CUB,"Hospital beds (per 1,000 people)",SH.MED.BEDS.ZS,4.366499424,,,,,,,,,,4.632400036,,,,,,,,,,,,,,,,,,,,5.421199799,,,6,,,5.130000114,,,,5.29,5.1,5,4.94,4.93,4.87,4.86,4.85,4.63,4.56,4.56,4.04,4.04,4.04,4.03,4.07,4.15,4.17,4.19,4.21,4.23,4.27,4.32,4.33,,
Curacao,CUW,"Hospital beds (per 1,000 people)",SH.MED.BEDS.ZS,,,,,,,,,,,,,,,,,,,,,,,,,,,,,,,,,,,,,,,,,,,,,,,,,,,,,,,,,,,,,,,,,,
Cayman Islands,CYM,"Hospital beds (per 1,000 people)",SH.MED.BEDS.ZS,,,,,,,,,,,,,,,,,,,,,,,,,,,,,,,3,,,,,,,,,,,,,,,,,,,,,,,,,,,,,,,,,,,
Cyprus,CYP,"Hospital beds (per 1,000 people)",SH.MED.BEDS.ZS,4.523560047,,,,,,,,,,5.382100105,,,,,,,,,,5.652999878,5.720099926,,,,,,,,5.086400032,,,,,,,,,,,3.31,,,,,2.74,2.71,2.72,2.73,2.74,2.62,2.61,2.57,2.48,2.42,2.37,2.36,2.26,2.18,2.13,2.17,2.13,2.15,,,
Czechia,CZE,"Hospital beds (per 1,000 people)",SH.MED.BEDS.ZS,,,,,,,,,,,,,,,,,,,,,11.30000019,,,,,11.39999962,,,,,11.30000019,11.10000038,10.69999981,10.39999962,10.19999981,,,,,,7.81,7.76,7.73,7.69,7.6,7.52,7.4,7.3,7.22,7.16,7.35,7.11,6.98,6.75,6.73,6.73,6.73,6.71,6.72,6.7,6.63,6.65,6.54,,,
Germany,DEU,"Hospital beds (per 1,000 people)",SH.MED.BEDS.ZS,10.5,,,,,,,,,,11.30000019,,,,,,,,,,11.5,,,,,11,,,,,10.39999962,10.10000038,9.899999619,9.699999809,9.699999809,9.699999809,9.600000382,9.399999619,9.300000191,9.199999809,9.16,9.06,8.92,8.79,8.62,8.51,8.37,8.34,8.31,8.34,8.34,8.32,8.29,8.24,8.19,8.09,8.02,7.96,7.94,7.87,7.77,7.71,7.64,7.55,,
Djibouti,DJI,"Hospital beds (per 1,000 people)",SH.MED.BEDS.ZS,7.831325531,,,,,,,,,,6.077400208,,,,,,,,,,,3.610500097,,,,,,,,,2.539700031,,,,,,,,,,,,,,,,,,,,,,1.1,1.07,1.18,1.26,1.44,1.42,1.4,,,,,,,
Dominica,DMA,"Hospital beds (per 1,000 people)",SH.MED.BEDS.ZS,4.543946743,,,,,,,,,,4.444399834,,,,,,,,,,,,,,,,,,,,3,,,2.593899965,,3.6,2.650000095,,,,,,,,,,,,,,,4,3.99,3.96,3.92,3.68,3.72,3.37,3.23,3.18,3.2,3.21,3.95,3.97,,
Denmark,DNK,"Hospital beds (per 1,000 people)",SH.MED.BEDS.ZS,,,,,,,,,,,8.100000381,,8.399999619,8.300000191,8.5,8.5,8.600000381,8.399999619,8.5,8.199999809,8.100000381,7.800000191,7.699999809,7.400000095,7.099999905,7,6.900000095,6.199999809,6,5.800000191,5.599999905,5.400000095,5.099999905,5,5,4.900000095,4.699999809,4.599999905,4.5,4.300000191,4.29,4.22,4.29,4.13,3.97,3.86,3.79,3.69,3.57,3.49,3.5,3.13,,3.07,,2.53,2.6,2.61,2.61,2.59,2.59,2.51,2.48,2.43,,
Dominican Republic,DOM,"Hospital beds (per 1,000 people)",SH.MED.BEDS.ZS,2.328690767,,,,,,,,,,2.639400005,,,,,2.501499891,,,,,,,,,,,,,,,1.881299973,,,2,,,1.5,,,,,,,,,,,1.2,1.58,1.45,1.6,1.58,1.73,1.72,1.52,1.51,1.37,1.48,1.24,1.25,1.42,1.51,1.51,0.75,,
Algeria,DZA,"Hospital beds (per 1,000 people)",SH.MED.BEDS.ZS,3.187407494,,,,,,,,,,2.842499971,,,,,,,,,,,,,,,,2.488399982,,2.628999949,2.564399958,2.499300003,,,,2.103199959,,,,2.099999905,,1.77,1.75,1.74,1.77,1.81,,1.71,,1.74,1.74,1.71,1.68,1.66,1.65,1.64,1.62,1.6,1.61,,,,,,,,
East Asia & Pacific (excluding high income),EAP,"Hospital beds (per 1,000 people)",SH.MED.BEDS.ZS,,,,,,1.440000057,1.519999981,1.5,1.450000048,1.450000048,1.438996049,1.580000043,1.710000038,1.769999981,1.850000024,1.779084716,1.987109021,2.069999933,2.140000105,2.200000048,2.222524042,2.29376796,2.23384637,2.26208045,2.30811661,2.118230669,2.365421152,2.479968954,2.53728792,2.351986618,2.275397829,2.269606486,2.275195492,2.288472333,2.346436981,2.572288104,2.540908346,2.499919781,2.251025603,2.504884862,1.550092539,1.533916113,1.554758203,1.55095225,1.599023109,1.628117204,1.687720248,1.750256015,1.861179487,1.950917225,2.238820404,2.258177823,2.644515412,2.703458288,2.884295877,3.048555528,3.22522421,3.425097335,3.763911437,3.820777406,3.99853557,4.221101671,4.567885223,4.730707006,,
Early-demographic dividend,EAR,"Hospital beds (per 1,000 people)",SH.MED.BEDS.ZS,0.929845751,,,,,,,,,,0.965171167,,,,,0.891203868,,,,,1.033507062,,,,,1.102407271,,,,,,1.089242914,,,,,,,,,1.740242058,1.693857126,1.73001744,1.664744757,1.670552003,1.6056483,1.594312543,1.508420306,1.463670272,1.460793925,1.453402609,1.459903403,1.485914654,1.486061522,1.469217073,1.474089395,1.45438866,1.491342976,1.488694521,1.474936713,1.498056911,1.558147661,,,,
East Asia & Pacific,EAS,"Hospital beds (per 1,000 people)",SH.MED.BEDS.ZS,,,,,,,,,,,2.549560651,,,,,1.915083964,2.127917656,,,,3.327151626,2.438055364,2.382628672,2.411483541,2.454585702,3.28265105,2.396313435,,,2.483504265,2.338199714,2.4182901,2.426245938,3.431899397,3.523883288,3.801923766,3.803513671,3.71077932,3.385918688,3.700342245,2.516915083,2.485876634,2.492068104,2.463965956,2.504435465,2.521366001,2.583799235,2.634666648,2.737879497,2.823447145,3.069902836,3.108201251,3.454241819,3.515757232,3.689109373,3.825189277,3.991210859,4.172474444,4.495751728,4.5471101,4.704033805,4.922434525,5.273440419,4.717919785,,
Europe & Central Asia (excluding high income),ECA,"Hospital beds (per 1,000 people)",SH.MED.BEDS.ZS,,,,,,,,,,,,,,,,,,,,,8.648804809,,,,,9.041997845,9.083440916,9.094290798,9.122941729,9.156742584,9.235276207,9.042700037,9.01509945,8.698599068,8.333424954,7.981036943,7.382056646,6.624965147,6.273388821,6.096738566,,,5.619001545,5.574711213,5.475155041,5.448735855,5.441007932,5.377452038,5.348189379,5.462742468,5.377801042,5.206747254,5.127400367,5.012777414,4.70376442,4.64008181,4.555369224,4.527453399,4.550536626,4.499270277,4.659349892,4.403768767,4.488305227,4.021110254,,
Europe & Central Asia,ECS,"Hospital beds (per 1,000 people)",SH.MED.BEDS.ZS,,,,,,,,,,,,,,,,,,,,,9.140271154,,,,,9.57544948,9.655179146,9.636673046,9.604243598,9.547595475,9.151213772,9.014632536,8.686066041,8.509879273,8.312614034,8.11671775,7.890649974,7.52966602,7.285078171,7.081140869,7.387497453,7.284057623,6.775837524,6.640218305,6.458769299,6.370020813,6.285735448,6.188617748,6.100263521,6.041283967,5.912318015,5.791618251,5.728322779,5.608534911,5.482713453,5.372794507,5.297115327,5.242387028,5.211287041,5.139629809,5.157859379,5.0789487,5.035856109,,,
Ecuador,ECU,"Hospital beds (per 1,000 people)",SH.MED.BEDS.ZS,1.870691538,,,,,,,,,,2.349100113,,,,,2.546299934,,,,,1.907199979,,,,,,,,,,1.644099951,,,1.600000024,,,1.549999952,,,,1.54,1.56,1.5,1.39,1.56,1.54,1.42,1.43,1.62,1.51,1.58,1.6,1.49,1.5,1.54,1.52,1.38,1.4,1.4,1.39,1.32,1.31,1.31,1.32,,
"Egypt, Arab Rep.",EGY,"Hospital beds (per 1,000 people)",SH.MED.BEDS.ZS,2.146979332,,,,,,,,,,2.180500031,,,,,2.036600113,,,,,2.026299953,2.07220006,,,,,2.085700035,,2.124700069,2.019900084,2.070899963,2.024199963,2.000400066,1.929299951,,,2.099999905,2.099999905,,,1.92,1.92,1.9,1.9,1.92,1.88,2.08,1.82,1.59,1.48,1.4,1.4,1.38,1.37,1.34,1.25,1.25,1.27,1.24,1.19,1.11,1.06,,,,
Euro area,EMU,"Hospital beds (per 1,000 people)",SH.MED.BEDS.ZS,,,,,,,,,,,,,,,,,,,,,9.865266991,,,,,9.051338439,,,,,8.270345116,8.054967254,7.944075649,7.79663873,7.689470939,7.567490252,7.561227023,7.294643547,7.092952827,6.881703946,6.698003084,6.591372131,6.448569135,6.293255588,6.164900219,6.079010782,5.984639797,5.93071098,5.845359747,5.73115435,5.630477027,5.550260038,5.502889435,5.442283102,5.397794346,5.358423587,5.312629941,5.273237779,5.234666397,5.183755072,5.123265483,5.079376535,4.99611153,,,
Eritrea,ERI,"Hospital beds (per 1,000 people)",SH.MED.BEDS.ZS,,,,,,,,,,,,,,,,,,,,,,,,,,,,,,,,,,,,,,,,,,,,1.57,1.61,1.48,1.43,1.47,1.4,1.4,1.27,1.33,1.29,1.25,1.24,1.23,1.23,1.23,1.16,1.09,1.08,1.06,1.04,1.02,,
Spain,ESP,"Hospital beds (per 1,000 people)",SH.MED.BEDS.ZS,,,,,,,,,,,4.699999809,,,,,,,,,5.5,5.400000095,5.400000095,5.400000095,5.199999809,5,4.900000095,4.800000191,4.800000191,4.699999809,4.699999809,4.599999905,4.599999905,4.5,4.400000095,4.400000095,4.300000191,4.300000191,4.199999809,4.199999809,4.099999905,3.61,3.55,3.5,3.41,3.37,3.32,3.27,3.23,3.18,3.14,3.09,3.03,2.98,2.95,2.95,2.96,2.95,2.96,2.95,2.93,2.94,2.94,2.94,2.91,,
Estonia,EST,"Hospital beds (per 1,000 people)",SH.MED.BEDS.ZS,,,,,,,,,,,,,,,,,,,,,12.1850996,,,,,12.27439976,12.26519966,12.13650036,12.02670002,11.93080044,11.61060047,11.28919983,9.681699753,9.622300148,8.561300278,8.350000382,7.900000095,7.710000038,7.579999924,7.53000021,7.04,6.6,5.98,5.73,5.64,5.38,5.55,5.48,5.63,5.37,5.27,5.36,5.53,4.9,4.9,4.82,4.69,4.61,4.53,4.53,4.46,4.39,4.19,4.13,,
Ethiopia,ETH,"Hospital beds (per 1,000 people)",SH.MED.BEDS.ZS,0.294233888,,,,,,,,,,0.2852,,,,,0.285699993,,,,,0.29550001,,,,,,,,,,0.241500005,,,,,,,,,,,,,,,,,,0.2,,,,,,,,0.33,,,,,,,,,
European Union,EUU,"Hospital beds (per 1,000 people)",SH.MED.BEDS.ZS,,,,,,,,,,,,,,,,,,,,,9.520759615,,,,,8.878188803,,,,,8.197086117,8.007956799,7.747082063,7.609346038,7.542813795,7.309869073,7.290299854,7.062110366,6.860296219,6.669289518,6.7269768,6.623418188,6.483463832,6.328964213,6.223740285,6.142926867,6.060960277,5.983265454,5.929168625,5.843183229,5.74583114,5.665327111,5.654736635,5.568526963,5.563896801,5.495040009,5.457482446,5.423143301,5.382928984,5.311592087,5.260617015,5.231363747,5.143334786,,,
Finland,FIN,"Hospital beds (per 1,000 people)",SH.MED.BEDS.ZS,,,,,,,,,,,15.10000038,,,,,,,,,,15.60000038,,,,,14,,,,,12.5,11.19999981,11,10,10,9.300000191,9.199999809,7.900000095,7.800000191,7.599999905,7.54,7.46,7.35,7.24,7.1,7.05,6.99,6.73,6.57,6.25,5.86,5.53,5.29,4.86,4.53,4.28,3.97,3.75,3.61,3.35,2.75,2.76,2.61,,,
Fiji,FJI,"Hospital beds (per 1,000 people)",SH.MED.BEDS.ZS,4.04060936,,,,,,,,,,2.909600019,,,,,3.333300114,,,,,2.813899994,2.746099949,,,,,,,,,,,,,,,,,,2.6,,,,,,2.05,1.93,1.92,1.93,2.19,2.19,1.9,,1.92,1.88,1.88,1.89,1.89,,,,,,,,
France,FRA,"Hospital beds (per 1,000 people)",SH.MED.BEDS.ZS,,,,,,,,,,,,,,,10.5,10.60000038,10.60000038,10.80000019,10.89999962,11.10000038,11.10000038,11.10000038,11,10.80000019,10.69999981,10.5,10.30000019,10.19999981,10.10000038,9.899999619,9.699999809,9.600000382,9.399999619,9.300000191,9.100000382,8.899999619,8.800000191,8.600000382,8.399999619,8.300000191,8.14,8,7.88,7.71,7.55,7.39,7.27,7.22,7.06,6.81,6.57,6.5,6.48,6.41,6.35,6.28,6.21,6.12,6.04,5.96,5.86,5.77,5.65,,,
Faroe Islands,FRO,"Hospital beds (per 1,000 people)",SH.MED.BEDS.ZS,,,,,,,,,,,,,,,,,,,,,,,,,,,,,,,,,,,,,,,,,,,,,,,,,,,,,,,,,,,,,,,,,,
"Micronesia, Fed. Sts.",FSM,"Hospital beds (per 1,000 people)",SH.MED.BEDS.ZS,,,,,,,,,,,,,,,,,,,,,,,,,,,,,,3.467299938,,,,,,,,,,,,,,,,,,,,3.22,,,,,,,,,,,,,,,,
Gabon,GAB,"Hospital beds (per 1,000 people)",SH.MED.BEDS.ZS,5.713991642,,,,,,,,,,9.910699844,,,,,,,,,,,,,,,1.552000046,,,,,3.193799973,,,,,,,,,,,,,,,,,,,,,1.95,,,,,,,,,,,,,,
United Kingdom,GBR,"Hospital beds (per 1,000 people)",SH.MED.BEDS.ZS,10.69999981,,,,,,,,,,9.600000381,,,,,,,,,,8.100000381,,,,,7.400000095,,,,,5.900000095,5.599999905,5.400000095,5.099999905,4.800000191,4.800000191,4.599999905,4.599999905,4.400000095,4.199999809,4.07,4.03,3.97,3.94,3.85,3.71,3.53,3.38,3.32,3.25,2.92,2.87,2.8,2.75,2.72,2.6,2.56,2.53,2.48,2.44,2.42,2.41,2.42,,,
Georgia,GEO,"Hospital beds (per 1,000 people)",SH.MED.BEDS.ZS,,,,,,,,,,,,,,,,,,,,,10.17080021,,,,,9.973400116,10.01500034,10.10739994,9.993499756,9.995699883,9.797499657,9.798100472,10.00870037,9.39109993,9.675800324,7.659999847,5.670000076,5.860000134,5.710000038,5.690000057,4.91,4.64,4.43,4.44,4.39,4.25,4.12,3.67,3.57,3.48,3.43,3.26,2.96,3.05,3.08,3.38,3.64,3.98,4.22,4.61,4.9,5.44,4.72,4.04,,
Ghana,GHA,"Hospital beds (per 1,000 people)",SH.MED.BEDS.ZS,0.779893696,,,,,,,,,,1.32280004,,,,,1.250800014,,,,,,,,,,1.567000031,,,,,1.460000038,,,,,,,,,,,,,,,,,,,,0.7,0.68,0.72,0.73,0.71,0.69,,,,,,,,,,
Gibraltar,GIB,"Hospital beds (per 1,000 people)",SH.MED.BEDS.ZS,,,,,,,,,,,,,,,,,,,,,,,,,,,,,,,,,,,,,,,,,,,,,,,,,,,,,,,,,,,,,,,,,,
Guinea,GIN,"Hospital beds (per 1,000 people)",SH.MED.BEDS.ZS,0.739158154,,,,,,,,,,1.75849998,,,,,,,,,,,,,,,,,,0.584100008,,0.550700009,,,,,,,,,,,,,,,0.3,,,,,,0.3,,,,,,,,,,,,,,
"Gambia, The",GMB,"Hospital beds (per 1,000 people)",SH.MED.BEDS.ZS,1.181818128,,,,,,,,,,,,,,,,,,,,,,,,,1.657799959,,,,,0.610899985,,,,,,,,,,,,,,,,,,,,,,,,1.05,1.02,1.08,,,0.96,1.14,1.18,,1.11,,
Guinea-Bissau,GNB,"Hospital beds (per 1,000 people)",SH.MED.BEDS.ZS,1.621184945,,,,,,,,,,1.574599981,,,,,,,,,,1.886000037,1.971699953,,,,,,,,,1.477900028,,,,,,,,,,,,,,,,,,,1,,,,,,,,,,,,,,,,
Equatorial Guinea,GNQ,"Hospital beds (per 1,000 people)",SH.MED.BEDS.ZS,4.996031761,,,,,,,,,,,,,,,,,,,,,,,,,,,,2.802999973,,,,,,,,,,,,,,,,,,,,,1.9,2.1,,,,,,,,,,,,,,,
Greece,GRC,"Hospital beds (per 1,000 people)",SH.MED.BEDS.ZS,5.800000191,,,,,,,,,,6.199999809,,,,,,,,,,6.199999809,,,,,5.5,5.300000191,5.199999809,5.199999809,5.099999905,5.099999905,5,5,5,4.900000095,4.900000095,4.900000095,4.900000095,4.800000191,4.699999809,4.78,4.82,4.75,4.74,4.74,4.78,4.87,4.88,4.84,4.92,4.48,4.47,4.44,4.24,4.24,4.25,4.2,4.21,4.2,4.15,4.2,4.23,4.27,,,
Grenada,GRD,"Hospital beds (per 1,000 people)",SH.MED.BEDS.ZS,6.222222328,,,,,,,,,,7.25369978,,,,,,,,,,5.771399975,,,,,,,,,,8,,,8.177800179,,5.5,5.269999981,,,,,,,,,,,,,,,3.37,3.35,3.56,3.54,3.52,3.33,3.33,3.34,,,3.02,3.01,3.01,,
Greenland,GRL,"Hospital beds (per 1,000 people)",SH.MED.BEDS.ZS,,,,,,,,,,,14.35340023,,,,,,,,,,,,,,,,,,,,,,,,,,,,,,,,,,,,,,,,,,,,,,,,,,,,,,,
Guatemala,GTM,"Hospital beds (per 1,000 people)",SH.MED.BEDS.ZS,2.631087542,,,,,,,,,,2.171099901,,,,,2.00270009,,,,,,,,,,,1.721199989,,,0.877799988,1.100000024,,,1.100000024,,,0.980000019,,,,,,,,,,,,,,,0.65,0.62,,0.62,0.59,,0.45,0.44,0.47,0.43,0.44,0.44,0.45,,
Guam,GUM,"Hospital beds (per 1,000 people)",SH.MED.BEDS.ZS,,,,,,,,,,,,,,,,,,,,,,,,,,,,,,,,,,,,,,,,,,,,,,,,,,,,,,,,,,,,,,,,,,
Guyana,GUY,"Hospital beds (per 1,000 people)",SH.MED.BEDS.ZS,5.574692249,,,,,,,,,,4.763000011,,,,,4.972799778,,,,,,,,,,3.492000103,,,,,,,,3.099999905,,3.1,3.869999886,,,,,,,,,,,,,,,,1.73,1.72,1.74,1.75,1.74,1.73,1.68,2.15,2.22,2.55,2.53,3.24,,
High income,HIC,"Hospital beds (per 1,000 people)",SH.MED.BEDS.ZS,,,,,,,,,,,,,,,,,,,,,8.399059472,,,,,8.843083306,,,,,7.376959821,7.480351297,7.132345731,7.884455063,7.89376883,7.729210941,7.479838426,7.346756683,7.258294875,7.124416965,6.823623852,6.734713256,6.570735449,6.451182274,6.312713527,6.207281197,6.148963889,6.101044873,5.987354941,5.894296785,5.810706041,5.745782551,5.707554691,5.639074887,5.595048878,5.503616343,5.455147638,5.466140074,5.427262124,5.359490982,5.334212836,5.314246227,5.244418462,,,
"Hong Kong SAR, China",HKG,"Hospital beds (per 1,000 people)",SH.MED.BEDS.ZS,2.640339375,,,,,,,,,,4.178299904,,,,,5.04129982,,,,,4.020999908,4.109799862,,,,4.890900135,,,,,,,,,,,,,,,,,,,,,,,,,,,,,,,,,,,,,,,,
Honduras,HND,"Hospital beds (per 1,000 people)",SH.MED.BEDS.ZS,1.646251321,,,,,,,,,,1.753100038,,,,,1.703699946,,,,,1.324100018,,,,,1.309499979,,,,,1.006700039,,,0.800000012,,,1.059999943,,,,0.61,0.6,0.59,0.59,0.59,0.59,0.54,0.56,0.52,0.55,0.61,0.57,0.61,0.64,0.61,0.6,0.63,0.64,0.65,0.65,0.71,0.66,0.62,0.53,,
Heavily indebted poor countries (HIPC),HPC,"Hospital beds (per 1,000 people)",SH.MED.BEDS.ZS,1.520205356,,,,,,,,,,1.426365638,,,,,1.523201108,,,,,,,,,,,,,,,1.001227279,,,,,,,,,,,,,,,,,,,,,,,,,,,,,,,,,,,
Croatia,HRV,"Hospital beds (per 1,000 people)",SH.MED.BEDS.ZS,,,,,,,,,,,,,,,,,,,,,7.234799862,7.308100224,7.423500061,7.465199947,7.44659996,7.454299927,7.402599812,7.422500134,7.441699982,7.393000126,7.377799988,6.520100117,6.210100174,6.071199894,5.909500122,5.75,6.190000057,6.010000229,6.059999943,5.929999828,6.23,6.19,5.85,5.79,5.7,5.61,5.62,5.64,5.63,5.52,5.77,5.95,5.9,5.88,5.93,5.6,5.54,5.61,5.7,5.78,5.8,5.71,5.76,5.6,,
Haiti,HTI,"Hospital beds (per 1,000 people)",SH.MED.BEDS.ZS,0.608832836,,,,,,,,,,0.784300029,,,,,0.776000023,,,,,0.740499973,,,,,0.723100007,,,,,0.755599976,,,0.799099982,,,0.709999979,,,,,,,,,,,,,,0.66,,,0.72,,,,,5.29,4.89,5.06,4.8,4.68,4.9,,
Hungary,HUN,"Hospital beds (per 1,000 people)",SH.MED.BEDS.ZS,,,,,,,,,,,,,,,,,,,,,,,,,,,,,,,,,,,9.300000191,8.800000191,8.800000191,8,8.100000382,8.100000382,8.17,7.93,7.93,7.91,7.9,7.93,7.99,7.2,7.12,7.16,7.2,7.21,7,7.04,6.99,7,7,7.02,6.95,6.91,6.76,6.79,6.63,,,
IBRD only,IBD,"Hospital beds (per 1,000 people)",SH.MED.BEDS.ZS,,,,,,,,,,,1.535711646,,,,,1.611395628,,,,,2.282974583,2.230741946,,,,2.87624075,,3.07260474,,,3.491730666,2.805809983,,,,,,,,,2.417321533,2.367008851,2.345844091,2.348116241,2.325830525,2.319175094,2.327640509,2.351142863,2.371668551,2.380256794,2.410013346,2.456071759,2.552452914,2.631957031,2.667565189,2.733657124,2.79189977,2.825577543,2.898576912,2.949134767,3.062873191,3.121269457,,,,
IDA & IBRD total,IBT,"Hospital beds (per 1,000 people)",SH.MED.BEDS.ZS,,,,,,,,,,,1.437692797,,,,,1.548327097,,,,,2.102232481,,,,,2.819319945,,,,,2.989994696,2.680243133,,,,,,,,,2.340628575,2.278803932,2.261212931,2.241264126,2.159784492,2.202032509,2.173693009,2.158919875,2.136594756,2.160025944,2.158473858,2.202822724,2.310076818,2.340835042,2.37142558,2.452965437,2.459628383,2.556031655,2.594316198,2.6270339,2.730344735,2.902614178,,,,
IDA total,IDA,"Hospital beds (per 1,000 people)",SH.MED.BEDS.ZS,1.164984842,,,,,,,,,,1.033245282,,,,,,,,,,1.198752679,,,,,,,,,,1.398013388,,,,,,,,,,,,,,,,,,,,,,,,,,,,,,,,,,,
IDA blend,IDB,"Hospital beds (per 1,000 people)",SH.MED.BEDS.ZS,0.828114087,,,,,,,,,,0.954740187,,,,,0.875691557,,,,,1.633012585,,,,,,,,,,2.023333332,,,,,,,,,,,,,,0.924170796,,,,,,,,,,,,,,,,,,,,,
Indonesia,IDN,"Hospital beds (per 1,000 people)",SH.MED.BEDS.ZS,0.740457058,,,,,,,,,,0.654600024,,,,,0.818300009,,,,,,,,,,0.556800008,,,,0.702600002,0.665199995,0.668600023,0.665000022,0.657599986,0.660099983,,,,0.6,,0.58,0.58,0.58,0.58,0.58,0.59,0.59,0.6,0.62,0.58,0.56,0.6,0.81,0.96,0.91,0.95,0.97,1.02,1.15,1.16,1.38,1.34,1.4,1.37,,
IDA only,IDX,"Hospital beds (per 1,000 people)",SH.MED.BEDS.ZS,1.350372975,,,,,,,,,,1.069772119,,,,,,,,,,,,,,,,,,,,1.027132743,,,,,,,,,,,,,,,,,,,,,,,,,,,,,,,,,,,
Isle of Man,IMN,"Hospital beds (per 1,000 people)",SH.MED.BEDS.ZS,1.84498373,,,,,,,,,,1.913231332,,,,,,,,,,1.756156595,1.754112095,,,,,,,,,1.752238331,,,,,,,,,,,,,,,,,,,,,,,,,,,,,,,,,,,
India,IND,"Hospital beds (per 1,000 people)",SH.MED.BEDS.ZS,0.458986908,,,,,,,,,,0.604499996,,,,,0.588199973,,,,,0.769699991,0.769400001,,,,0.769200027,,0.718200028,,,,0.787000001,,,,,,,,,2.13,2.09,2.05,2.02,1.99,1.95,1.92,1.89,1.87,1.84,1.81,1.79,1.76,1.74,1.72,1.7,1.68,1.66,1.64,1.62,1.61,1.59,,,,
Not classified,INX,"Hospital beds (per 1,000 people)",SH.MED.BEDS.ZS,,,,,,,,,,,,,,,,,,,,,,,,,,,,,,,,,,,,,,,,,,,,,,,,,,,,,,,,,,,,,,,,,,
Ireland,IRL,"Hospital beds (per 1,000 people)",SH.MED.BEDS.ZS,,,,,,,,,,,,,,,,,,,,,9,9,8.800000191,8.600000381,8.399999619,8.199999809,7.900000095,7.199999809,6.400000095,6.199999809,6.099999905,6,5.699999809,5.5,5.300000191,5.199999809,5.099999905,4.900000095,4.800000191,4.699999809,6.14,5.87,5.79,5.68,5.65,5.47,5.26,5.1,4.86,2.83,2.73,2.62,2.54,2.56,2.57,2.92,2.95,2.97,2.97,2.88,2.89,2.9,2.94,2.96,,
"Iran, Islamic Rep.",IRN,"Hospital beds (per 1,000 people)",SH.MED.BEDS.ZS,0.925675035,,,,,,,,,,1.379600048,,,,,,,,,,1.480599999,1.515599966,,,,,,1.510499954,1.483700037,,1.433099985,,,,,,1.600000024,,,,,1.62,1.63,1.62,1.6,1.58,1.59,1.61,1.6,1.5,1.64,1.32,1.65,1.72,1.78,1.79,1.88,1.9,1.93,1.85,,,,,,
Iraq,IRQ,"Hospital beds (per 1,000 people)",SH.MED.BEDS.ZS,1.858039975,,,,,,,,,,1.950999975,,,,,,,,,,1.946400046,1.893100023,,,,,,,,1.71389997,1.65960002,,,,,,,,1.450000048,,,,,,1.34,1.3,1.32,,,1.11,1.1,,1.3,1.28,1.1,,,1.06,1.06,,,,,,,
Iceland,ISL,"Hospital beds (per 1,000 people)",SH.MED.BEDS.ZS,9.800000191,,,,,,,,,,12.89999962,,,,,,,,,,14.80000019,,,,,15.80000019,,,,,16.70000076,16.29999924,15.89999962,14.80000019,14.69999981,14.60000038,,,,,,,,,,,,4.12,3.91,3.7,3.58,3.29,3.24,3.22,3.16,3.12,3.13,3.06,2.87,2.8,2.83,,,,,
Israel,ISR,"Hospital beds (per 1,000 people)",SH.MED.BEDS.ZS,6.73793745,,,,,,,,,,,,,,,8.079299927,,,,,6.797399998,6.729400158,6.766600132,6.543499947,6.496600151,6.509500027,6.380199909,6.289899826,6.316899776,6.283699989,6.243199825,5.96999979,5.989500046,6.077899933,6.101200104,5.980000019,6.03000021,6.050000191,6.099999905,6.119999886,3.9,3.91,3.87,3.97,3.91,3.85,3.51,3.46,3.4,3.32,3.28,3.27,3.22,3.22,3.2,3.15,3.11,3.14,3.1,3.1,3.06,3.05,3.13,3.14,,
Italy,ITA,"Hospital beds (per 1,000 people)",SH.MED.BEDS.ZS,8.899999619,9,9.199999809,9.300000191,9.5,9.600000381,9.699999809,9.899999619,10.10000038,10.30000019,10.60000038,10.60000038,10.60000038,10.5,10.60000038,10.60000038,10.39999962,10.30000019,10,9.800000191,9.600000381,9.399999619,9.100000381,8.899999619,8.5,8.300000191,8,7.800000191,7.5,7.099999905,7.199999809,6.800000191,6.900000095,6.699999809,6.599999905,6.300000191,6.5,5.900000095,5.5,4.900000095,4.68,4.59,4.41,4.15,3.99,4.01,3.95,3.86,3.74,3.64,3.59,3.46,3.37,3.29,3.22,3.2,3.18,3.19,3.15,3.14,3.16,3.09,3.06,,,
Jamaica,JAM,"Hospital beds (per 1,000 people)",SH.MED.BEDS.ZS,4.145488262,,,,,,,,,,4.104899883,,,,,4.999499798,,,,,,,,,,3.333300114,,,,2.400099993,2.200000048,,,2.100300074,,2.1,2.119999886,,,,,,,,,,,,,1.7,1.81,1.8,1.79,1.68,1.68,1.71,1.73,1.71,1.69,1.72,1.71,1.67,1.71,1.65,,
Jordan,JOR,"Hospital beds (per 1,000 people)",SH.MED.BEDS.ZS,3.605450153,,,,,,,,,,1.128000021,,,,,1.026000023,,,,,1.257699966,1.20630002,,,,1.205500007,,,,,1.797799945,,,,1.630200028,,,1.799999952,,,,,,1.7,1.67,1.68,1.71,1.62,1.6,1.59,1.61,1.6,1.6,1.51,1.41,1.38,1.37,1.45,1.41,1.36,1.38,1.39,1.42,1.41,,
Japan,JPN,"Hospital beds (per 1,000 people)",SH.MED.BEDS.ZS,9,,,,,,,,,,12.5,,,,,,,,,,13.69999981,,,,,14.69999981,,,,,,,,15.60000038,15.5,15.39999962,15.19999981,15.10000038,15,14.80000019,14.67,14.59,14.43,14.26,14.18,14.06,13.96,13.86,13.7,13.6,13.5,13.37,13.32,13.27,13.18,13.15,13.09,13.01,12.93,12.79,12.62,12.6,12.59,,,
Kazakhstan,KAZ,"Hospital beds (per 1,000 people)",SH.MED.BEDS.ZS,,,,,,,,,,,,,,,,,,,,,13.0934,13.22910023,13.3114996,13.36940002,13.51239967,13.58570004,13.56070042,13.55609989,13.54419994,13.63000011,13.66609955,13.70899963,13.46189976,13.16650009,12.14470005,11.64999962,10.32999992,8.449999809,8.18999958,7.25,6.9,6.65,6.66,7.29,7.36,7.36,7.39,7.35,7.36,7.3,7.07,6.89,6.53,6.12,5.91,5.67,5.45,5.33,5.2,5.01,6.54,,,,,
Kenya,KEN,"Hospital beds (per 1,000 people)",SH.MED.BEDS.ZS,1.250480056,,,,,,,,,,1.264299989,,,,,1.25,,,,,,,,,,1.707100034,,,,1.436200023,1.647199988,,,,,,,,,,,,,,1.4,,,,,,1.4,,,,,,,,,1.33,,,,,,
Kyrgyz Republic,KGZ,"Hospital beds (per 1,000 people)",SH.MED.BEDS.ZS,,,,,,,,,,,,,,,,,,,,,12.01140022,12.11849976,12.10330009,11.9364996,11.97710037,12.03040028,12.0309,12.0642004,11.94740009,11.97200012,11.97729969,12.05799961,11.93200016,10.74559975,9.60529995,8.640000343,8.409999847,8.600000382,8.300000191,7.46999979,6.85,5.98,5.36,5.15,5,4.99,4.97,5.28,5.28,5.15,5.05,4.94,4.87,4.76,4.67,4.48,4.45,4.33,4.2,4.09,4.04,4.05,3.9,3.73,,
Cambodia,KHM,"Hospital beds (per 1,000 people)",SH.MED.BEDS.ZS,0.746548891,,,,,,,,,,1.08099997,,,,,,,,,,,,,,,,,,2.098700047,,2.072099924,,,,,,,,,,,,0.6,,,0.59,,,0.64,,0.8,,,0.82,,0.83,,,0.73,,,,,,,
Kiribati,KIR,"Hospital beds (per 1,000 people)",SH.MED.BEDS.ZS,6.363636494,,,,,,,,,,12.33129978,,,,,,,,,,5.09469986,4.768300056,,,,,,,,,4.271800041,,,,,,,,1.799999952,,,,,,,,,,,,1.32,,,,,,1.86,,,,,,,,,
St. Kitts and Nevis,KNA,"Hospital beds (per 1,000 people)",SH.MED.BEDS.ZS,3.862745047,,,,,,,,,,5.946499825,,,,,,,,,,8.536000252,,,,,,,,,,9.199999809,,,,,6.4,6.360000134,,,,,,,,,,,,,,,5.09,5.08,5.08,5.07,5.07,5.07,5.08,5.08,4.39,4.39,4.4,3.98,3.98,,
"Korea, Rep.",KOR,"Hospital beds (per 1,000 people)",SH.MED.BEDS.ZS,,,,,,,,,,,,,,,,,,,,,1.700000048,,,,,2.400000095,,,,3,3.099999905,3.299999952,3.5,3.700000048,4.099999905,4.400000095,4.599999905,4.800000191,5.099999905,5.599999905,4.68,4.48,4.87,5.13,5.46,5.94,6.54,7.32,7.84,8.32,8.88,9.68,10.38,11,11.63,11.62,11.97,12.26,12.43,12.43,12.65,12.75,12.81,,,
Kuwait,KWT,"Hospital beds (per 1,000 people)",SH.MED.BEDS.ZS,6.798561096,,,,,,,,,,4.834700108,,,,,,,,,,4.14470005,,,,,,,,,2.985399961,,,,,,,,2.759999991,,,2.34,2.34,2.28,2.23,2.2,2.47,2.45,2.43,2.45,2.52,2.5,2.54,2.39,2.29,2.25,2.18,2.08,2.05,2.01,2,2.33,,,,,
Latin America & Caribbean (excluding high income),LAC,"Hospital beds (per 1,000 people)",SH.MED.BEDS.ZS,3.344334715,,,,,,,,,,3.399681705,,,,,,,,,,,,,,,,,,,,2.445325186,,,2.53207133,,,2.217039948,,,,,,,,,,,1.932545324,1.981665903,1.95318579,1.896900235,1.962550936,2.01977927,2.047191419,1.97055818,1.938837113,1.977480635,1.933749779,1.885606415,1.866141591,1.91477512,2.005997726,,,,
Lao PDR,LAO,"Hospital beds (per 1,000 people)",SH.MED.BEDS.ZS,0.472209454,,,,,,,,,,0.927399993,,,,,,,,,,,,,,,,,,,,2.5697999,,,,,,,,,,1.16,1.15,1.13,1.1,1.15,1.15,1.11,1.15,1.16,1.03,1.06,1.32,1.53,1.1,1.08,1.15,1.21,1.58,1.46,1.68,1.27,1.31,1.29,1.71,,
Lebanon,LBN,"Hospital beds (per 1,000 people)",SH.MED.BEDS.ZS,4.581339359,,,,,,,,,,4.098700047,,,,,,,,,,,,,,,,,,,,1.650599957,,3.082700014,,,,,2.700000048,,,3.07,3,3,3,3,3.6,3.6,3.43,3.43,3.45,3.45,3.45,3.45,2.86,2.85,3.37,2.73,2.73,2.73,2.73,2.73,2.73,,,,
Liberia,LBR,"Hospital beds (per 1,000 people)",SH.MED.BEDS.ZS,1.322425365,,,,,,,,,,1.576900005,,,,,1.646999955,,,,,,,,,,,,,,,,,,,,,,,,,,,,,,,,,,0.7,0.8,,,,,,0.63,,1.64,,,1.59,,,,
Libya,LBY,"Hospital beds (per 1,000 people)",SH.MED.BEDS.ZS,2.755374432,,,,,,,,,,3.813699961,,,,,,,,,,,4.825500011,,,,,,,,,4.172999859,,,,,,,4.300000191,,,4.12,3.85,3.9,3.9,3.9,3.4,3.7,3.7,3.7,3.7,3.7,3.7,3.7,3.7,3.7,3.7,3.7,3.2,3.2,3.2,3.2,3.2,3.5,,,
St. Lucia,LCA,"Hospital beds (per 1,000 people)",SH.MED.BEDS.ZS,4.280425549,,,,,,,,,,5.049300194,,,,,,,,,,,,,,,,,,,,4,,,4.351799965,,3.3,3.380000114,,,,,,,,,,,,,,,1.47,,1.21,,1.43,,1.32,,,1.75,1.98,1.09,,,
Latin America & Caribbean,LCN,"Hospital beds (per 1,000 people)",SH.MED.BEDS.ZS,3.43134625,,,,,,,,,,3.471984845,,,,,,,,,,,,,,,,,,,,2.493558287,,,2.567694345,,,2.268304783,,,,,,,,,1.969142556,1.933503398,1.934194323,1.97951524,1.954463286,1.906431807,1.969179242,2.025153521,2.05109237,1.976448884,1.946213157,1.981598363,1.940522195,1.891986684,1.871708336,1.918390681,2.005230041,,,,
Least developed countries: UN classification,LDC,"Hospital beds (per 1,000 people)",SH.MED.BEDS.ZS,1.263299632,,,,,,,,,,0.978810874,,,,,,,,,,,,,,,,,,,,0.725295136,,,,,,,,,,,,,,,,,,,,,,,,,,,,,,,,,,,
Low income,LIC,"Hospital beds (per 1,000 people)",SH.MED.BEDS.ZS,1.441701296,,,,,,,,,,1.256496821,,,,,1.341843674,,,,,,,,,,,,,,,0.857432234,,,,,,,,,,,,,,,,,,,,,,,,,,,,,,,,,,,
Liechtenstein,LIE,"Hospital beds (per 1,000 people)",SH.MED.BEDS.ZS,,,,,,,,,,,,,,,,,,,,,,,,,,,,,,,,,,,,,,,,,,,,,,,,,,,,,,,,,,,,,,,,,,
Sri Lanka,LKA,"Hospital beds (per 1,000 people)",SH.MED.BEDS.ZS,3.138841152,,,,,,,,,,3.016900063,,,,,3.333300114,,,,,2.944000006,2.937599897,,,,,,,,2.403000116,2.743499994,,,,,,,,,2.200000048,2.96,3.02,2.9,3.09,2.86,3.05,3.29,3.35,3.29,3.41,3.47,3.52,3.59,3.66,3.72,3.71,3.72,3.77,3.81,3.86,3.87,3.98,3.94,3.93,,
Lower middle income,LMC,"Hospital beds (per 1,000 people)",SH.MED.BEDS.ZS,0.702117676,,,,,,,,,,0.789760174,,,,,0.76731346,,,,,0.96244908,0.8364784,,,,1.091456021,,,,,,1.073937924,,,,,,,,,1.994335516,1.930189224,1.881112009,1.828509422,1.689009692,1.744587087,1.729507143,1.609938643,1.565749994,1.536504701,1.491843912,1.472122183,1.491190339,1.450776457,1.440213389,1.440954645,1.438852397,1.438139296,1.424003484,1.392464417,1.428795558,1.522508897,,,,
Low & middle income,LMY,"Hospital beds (per 1,000 people)",SH.MED.BEDS.ZS,,,,,,,,,,,1.376584064,,,,,1.540182675,,,,,1.960120376,1.958853233,,,,2.101710778,,,,,2.411847481,2.078410732,,,,,,,,,1.959911521,1.913827741,1.923089447,1.877182821,1.821595635,1.876481582,1.866699837,1.863773547,1.860834747,1.892958918,1.975850058,1.966571604,2.137816159,2.12655172,2.1667057,2.257368458,2.275372512,2.378575808,2.472040305,2.462849411,2.566118267,2.735814661,,,,
Lesotho,LSO,"Hospital beds (per 1,000 people)",SH.MED.BEDS.ZS,1.103720427,,,,,,,,,,1.744500041,,,,,1.628399968,,,,,,,,,,,,,,,,,,,,,,,,,,,,,,,1.3,,,,,,,,,,,,,,,,,,,
Late-demographic dividend,LTE,"Hospital beds (per 1,000 people)",SH.MED.BEDS.ZS,,,,,,,,,,,1.957432112,,,,,2.238319702,,,,,2.819926738,2.69758277,,,,4.033077773,4.075031349,4.062445523,4.177723587,4.01841299,3.890571421,4.053393028,3.977206484,3.933915603,3.919029358,3.833537868,3.673554671,3.603468834,3.696916497,3.56033274,2.746097732,2.710530198,2.679845684,2.729499474,2.754793113,2.743041915,2.787215905,2.850117497,2.892620975,2.967227205,3.16414641,3.153877267,3.447586987,3.484946184,3.668466409,3.79905404,3.919318141,4.032386035,4.354303225,4.388634317,4.551412073,4.742251422,5.118219309,5.276436807,,
Lithuania,LTU,"Hospital beds (per 1,000 people)",SH.MED.BEDS.ZS,,,,,,,,,,,,,,,,,,,,,12.06639957,,,,,12.77600002,12.76920033,12.80290031,12.80539989,12.63580036,12.48719978,12.46539974,12.04539967,11.91059971,11.28380013,11.09000015,10.88000011,10.18999958,10.02999973,9.850000382,8.83,8.33,8.1,7.85,7.57,7.28,7.16,7.19,7.18,7.18,7.16,7.43,7.44,7.31,7.26,6.96,6.69,6.56,6.43,6.34,6.01,6.07,5.71,,,
Luxembourg,LUX,"Hospital beds (per 1,000 people)",SH.MED.BEDS.ZS,,,,,,,,,,,,,,,,,,,,,,,,,,,8.100000381,8,7.900000095,7.800000191,7.599999905,7.5,7.300000191,7.400000095,7.199999809,7.099999905,7,6.900000095,6.800000191,6.300000191,,,,,6.39,5.78,5.65,5.67,5.56,5.46,5.36,5.28,5.15,5.17,5.05,4.96,4.81,4.66,4.51,4.26,4.19,4.14,3.99,3.95,,
Latvia,LVA,"Hospital beds (per 1,000 people)",SH.MED.BEDS.ZS,,,,,,,,,,,,,,,,,,,,,13.89099979,,,,,14.30860043,14.1928997,14.23900032,14.09490013,14.02350044,14.07540035,13.6218996,12.9406004,12.23149967,12.05519962,11.18999958,10.43999958,9.800000191,9.409999847,9.029999733,8.77,8.27,7.86,7.95,7.91,7.9,7.84,7.83,7.76,6.74,5.68,5.88,5.88,5.8,5.66,5.69,5.72,5.57,5.49,5.42,5.28,5.16,5.02,4.95,,
"Macao SAR, China",MAC,"Hospital beds (per 1,000 people)",SH.MED.BEDS.ZS,10.12138653,,,,,,,,,,5.295300007,,,,,,,,,,,,,,,,,,,,,,,,,,,,,,,,,,,,,,,,,,,,,,,,,,,,,,,
St. Martin (French part),MAF,"Hospital beds (per 1,000 people)",SH.MED.BEDS.ZS,,,,,,,,,,,,,,,,,,,,,,,,,,,,,,,,,,,,,,,,,,,,,,,,,,,,,,,,,,,,,,,,,,
Morocco,MAR,"Hospital beds (per 1,000 people)",SH.MED.BEDS.ZS,1.598400116,,,,,,,,,,1.47420001,,,,,1.428599954,,,,,,1.228199959,,,,1.266899943,,,,,1.289999962,,,,1.112300038,,,0.980000019,,,0.88,0.89,0.89,0.89,0.87,0.86,0.87,,0.87,0.85,0.84,0.83,0.83,0.82,,,,0.72,0.71,0.7,0.74,0.72,0.73,0.73,,
Monaco,MCO,"Hospital beds (per 1,000 people)",SH.MED.BEDS.ZS,,,,,,,,,,,,,,,,,,,,,,,,,,,,,,18.10709953,,,21.67860031,,,19.56999969,,,,,,,,,,,14.74,14.63,14.78,15.19,15.88,18.31,17.82,22.27,21.99,,,,,,,,,,,
Moldova,MDA,"Hospital beds (per 1,000 people)",SH.MED.BEDS.ZS,,,,,,,,,,,,,,,,,,,,,12.05480003,12.08209991,12.05109978,12.07979965,12.14350033,12.22049999,12.43550014,12.66759968,12.76369953,12.72749996,13.14780045,13.11620045,12.79030037,12.48270035,12.2215004,12.21000004,12.13000011,11.61999989,11.22999954,8.18999958,6.09,5.98,5.9,5.88,5.71,5.76,5.73,5.68,5.77,5.92,6.06,6.19,6.36,6.09,6.02,5.72,5.81,5.76,5.75,5.8,5.59,5.73,5.69,5.54,,
Madagascar,MDG,"Hospital beds (per 1,000 people)",SH.MED.BEDS.ZS,2.406185865,,,,,,,,,,2.790800095,,,,,2.431299925,,,,,,,,,,,,,,,0.93599999,,,,,,,,,,0.43,0.32,,0.39,,0.38,0.32,0.32,0.29,,0.33,0.32,,0.32,0.32,,,,,,,,,,,
Maldives,MDV,"Hospital beds (per 1,000 people)",SH.MED.BEDS.ZS,,,,,,,,,,,,,,,,,,,,,,,,,,,,,,,0.762799978,,,,,,,,,,1.67,1.86,1.91,2.17,2.52,2.56,4.35,4.21,2.34,3.91,,,,,,4.95,4.94,4.94,4.95,6.36,5.04,4.56,,,,
"Middle East, North Africa, Afghanistan & Pakistan",MEA,"Hospital beds (per 1,000 people)",SH.MED.BEDS.ZS,1.45194377,,,,,,,,,,1.399002562,,,,,,,,,,1.397022271,1.351815298,,,,,,,,,1.438202767,,,,,,,,,,1.228847077,1.281970124,1.335508279,1.340767714,1.339480317,1.277750081,1.309037863,1.254282028,1.213563848,1.175602833,1.165756111,1.089534955,1.139514875,1.146380325,1.15515473,1.176343982,1.190183051,1.163185788,1.129983646,1.114548971,1.057755045,,,,,
Mexico,MEX,"Hospital beds (per 1,000 people)",SH.MED.BEDS.ZS,,,,,,,,,,,,,,,,,,,,,0.699999988,,,,,,,,,,1,1.100000024,1.200000048,1.200000048,1.200000048,1.200000048,1.200000048,1.100000024,1.100000024,1.100000024,1.06,1.08,1.09,1.06,1.07,1.05,1.02,1.06,1.03,1.02,1.05,1.03,1.02,1.02,1.01,1,1,0.99,0.98,0.96,1,1.01,1.01,,,
Marshall Islands,MHL,"Hospital beds (per 1,000 people)",SH.MED.BEDS.ZS,,,,,,,,,,,,,,,,,,,,,,,,,,,,,,,2.272700071,,,,,,,,,2.1,,,,,,,,,,,2.8,,,,,,,,,,,,,,,
Middle income,MIC,"Hospital beds (per 1,000 people)",SH.MED.BEDS.ZS,,,,,,,,,,,1.384783744,,,,,1.551906368,,,,,1.998730743,1.98399953,,,,2.101863717,,,,,2.523682152,2.090932327,,,,,,,,,1.982360562,1.936279735,1.938173931,1.898374609,1.835180013,1.895451197,1.915441117,1.897039313,1.926045232,1.936923317,1.963334639,2.022754786,2.138433606,2.199016095,2.243389345,2.323666843,2.381082112,2.452340609,2.494244997,2.53002387,2.654525056,2.826289546,,,,
North Macedonia,MKD,"Hospital beds (per 1,000 people)",SH.MED.BEDS.ZS,,,,,,,,,,,5.450300217,5.443399906,5.494299889,5.402800083,5.464399815,5.444399834,5.310900211,5.269800186,5.173799992,5.243700027,5.198500156,5.181600094,5.364600182,5.338300228,5.402900219,5.511899948,5.499499798,5.433599949,5.474299908,5.499000072,5.947700024,5.78730011,5.696400166,5.600599766,5.550000191,5.409999847,5.199999809,5.159999847,5.150000095,5.099999905,4.98,4.86,4.71,4.68,4.65,4.58,4.52,4.48,4.49,4.46,4.6,4.55,4.48,4.56,4.55,4.59,4.62,4.57,4.56,4.67,4.76,4.74,,,,
Mali,MLI,"Hospital beds (per 1,000 people)",SH.MED.BEDS.ZS,0.668505728,,,,,,,,,,0.679099977,,,,,0.714299977,,,,,,,,,,,,,,,,,,,,,,,0.239999995,,,,,,,,,,,0.2,0.25,0.24,0.22,0.22,0.25,0.25,0.23,0.22,0.25,,,,,,,
Malta,MLT,"Hospital beds (per 1,000 people)",SH.MED.BEDS.ZS,9.258358955,,,,,,,,,,,,,,,,,,,,,,,,9.463899612,,,9.335300446,9.257300377,9.441100121,,,,5.843200207,5.621099949,5.429999828,5.78000021,5.639999867,5.610000134,5.570000172,5.28,7.38,7.31,7.25,7.28,7.28,7.38,7.65,7.22,4.74,4.43,4.3,4.63,4.75,4.59,4.59,4.67,4.49,4.31,4.1,4.36,4.1,4.09,,,
Myanmar,MMR,"Hospital beds (per 1,000 people)",SH.MED.BEDS.ZS,0.663009286,,,,,,,,,,0.858099997,,,,,,,,,,0.85710001,0.857599974,,,,,,,,,0.635800004,,,,,,,,,,,,,0.7,0.71,0.72,0.72,0.74,0.77,0.78,0.87,0.88,0.89,0.91,0.94,1.07,1.07,1.06,1.06,1.05,1.07,,,,,
"Middle East, North Africa, Afghanistan & Pakistan (excluding high income)",MNA,"Hospital beds (per 1,000 people)",SH.MED.BEDS.ZS,1.361844132,,,,,,,,,,1.383157613,,,,,,,,,,1.257943276,1.247861285,,,,,,,,,1.334916165,,,,,,,,,,1.148016724,1.212909053,1.214941639,1.220125827,1.228702346,1.156536899,1.211868778,1.133880541,1.11105382,1.077966579,1.071184069,0.989201914,1.04892852,1.053759359,1.056784249,1.065810463,1.082342445,1.062747624,1.014108273,0.982568032,0.886660135,,,,,
Montenegro,MNE,"Hospital beds (per 1,000 people)",SH.MED.BEDS.ZS,,,,,,,,,,,,,,,,,,,,,,,,,,,,,,,,,,,,,,,,,4.12,4.15,4.1,4.14,4.14,4.11,4.08,3.93,3.83,3.85,3.9,3.9,3.89,3.82,3.87,3.89,3.92,3.88,3.95,3.92,3.94,3.91,3.82,,,
Mongolia,MNG,"Hospital beds (per 1,000 people)",SH.MED.BEDS.ZS,8.681960106,,,,,,,,,,9.495200157,,,,,,,,,,11.19719982,11.02890015,,,,,,,,,,11.48649979,,,,,,,,,7.32,7.3,7.45,7.21,7.22,7.13,7.1,6.9,6.86,6.65,6.6,6.91,7,6.96,7.06,7.3,7.55,7.7,7.86,7.94,8.23,10.57,8.75,8.58,,
Northern Mariana Islands,MNP,"Hospital beds (per 1,000 people)",SH.MED.BEDS.ZS,,,,,,,,,,,,,,,,,,,,,,,,,,,,,,,,,,,,,,,,,,,,,,,,,,,,,,,,,,,,,,,,,,
Mozambique,MOZ,"Hospital beds (per 1,000 people)",SH.MED.BEDS.ZS,0.808872819,,,,,,,,,,1.175199986,,,,,,,,,,1.089699984,,,,,,,,,,0.8671,,,,,,,,,,,,,,,,0.85,0.75,0.79,0.84,0.85,0.85,0.86,0.81,0.81,0.78,0.79,0.77,0.77,0.72,0.71,0.74,,,,
Mauritania,MRT,"Hospital beds (per 1,000 people)",SH.MED.BEDS.ZS,0.204843596,,,,,,,,,,0.344000012,,,,,0.344300002,,,,,,,,,0.7676,,,,,,0.665400028,,,,,,,,,,,,,,,,0.4,,,,,,,,,,,,,,,,,,,
Mauritius,MUS,"Hospital beds (per 1,000 people)",SH.MED.BEDS.ZS,4.716666698,,,,,,,,,,3.951600075,,,,,3.299700022,,,,,3.122200012,,,,,3.34649992,,,,,,2.886600018,3.135099888,3.094799995,3.074599981,,,,,,3.76,3.66,3.54,3.41,3.41,3.38,3.4,3.35,3.34,3.48,3.4,3.34,3.46,3.45,3.43,3.47,3.51,3.52,3.56,3.66,3.68,3.75,3.77,3.8,,
Malawi,MWI,"Hospital beds (per 1,000 people)",SH.MED.BEDS.ZS,1.118730545,,,,,,,,,,1.538499951,,,,,,,,,,,,,,,,,,,0.841899991,1.550699949,,,,,,,,1.340000033,,,,,,,,,1.1,,,,1.3,,,,,,,,,,,,,,
Malaysia,MYS,"Hospital beds (per 1,000 people)",SH.MED.BEDS.ZS,3.728132725,,,,,,,,,,3.469700098,,,,,3.346699953,,,,,,2.278300047,,,,2.557600021,,2.477900028,,2.33949995,2.130599976,2.093899965,2.06069994,2.029500008,2.021500111,2.029999971,2.009999991,,,,2.05,2.01,1.96,1.92,1.89,1.88,1.9,1.91,1.93,1.92,1.91,1.9,1.9,1.91,1.85,1.86,1.88,1.89,1.9,1.9,1.93,1.97,1.94,1.96,,
North America,NAC,"Hospital beds (per 1,000 people)",SH.MED.BEDS.ZS,8.929438969,,,,,8.800000191,,,,,7.815222548,7.5,7.400000095,7.199999809,7.099999905,6.800000191,6.629131952,6.448625632,6.268036196,6.167966376,6.077907708,5.997606426,5.988033304,5.897880275,5.807743935,5.627365699,5.527446049,5.33777554,5.238259129,5.12937018,5.009840327,4.899770946,4.689629463,4.589452369,4.300000191,4.189221283,3.969786817,3.859305208,3.749271706,3.629473643,3.515502117,3.488652381,3.421628092,3.344751712,3.27573611,3.188195217,3.153269121,3.112281821,3.091418509,3.042337323,3.004251767,2.924128788,2.887071454,2.844045359,2.777012863,2.735019914,2.705974992,2.770816566,2.737691665,2.698523862,2.692508792,2.686576708,2.665378548,,,
Namibia,NAM,"Hospital beds (per 1,000 people)",SH.MED.BEDS.ZS,,,,,,,,,,,,,,,,,,,,,,,,,,,,,,,,,,,,,,,,,,,,,,,,,,2.7,,,,,,,,,,,,,,,,
New Caledonia,NCL,"Hospital beds (per 1,000 people)",SH.MED.BEDS.ZS,,,,,,,,,,,,,,,,,,,,,,,,,,,,,,,,,,,,,,,,,,,,,,,,,,,,,,,,,,,,,,,,,,
Niger,NER,"Hospital beds (per 1,000 people)",SH.MED.BEDS.ZS,0.409490883,,,,,,,,,,0.494700015,,,,,0.495299995,,,,,,,,,,,,0.543900013,,,,,,,0.194600001,0.119999997,0.119999997,0.180000007,0.119999997,,,,,,,,,,,,,,0.44,0.32,0.29,0.26,0.3,0.18,0.24,0.29,0.28,,,,,
Nigeria,NGA,"Hospital beds (per 1,000 people)",SH.MED.BEDS.ZS,0.418167114,,,,,,,,,,0.559800029,,,,,0.555800021,,,,,0.86619997,,,,,,,,6.370299816,,1.668200016,,,,,,,,,,,,,,0.5,,,,,,,,,,,,,,,,,,,,,
Nicaragua,NIC,"Hospital beds (per 1,000 people)",SH.MED.BEDS.ZS,2.158236027,,,,,,,,,,2.280299902,,,,,2.411900043,,,,,,,,,,2.405999899,,,,1.826900005,1.82130003,,,1.799999952,,,1.480000019,,,,,,,,,0.83,0.8,0.9,0.89,0.9,0.9,0.92,0.91,0.95,0.96,0.92,0.91,0.92,0.95,0.98,0.97,0.92,0.97,,,
Netherlands,NLD,"Hospital beds (per 1,000 people)",SH.MED.BEDS.ZS,,,,,,,,,,,,,,,,,,,,,,,,,,,,,,,5.800000191,5.699999809,5.699999809,5.599999905,5.400000095,5.300000191,5.199999809,5.199999809,5.099999905,5,4.88,4.71,4.65,4.45,4.46,4.4,4.36,4.25,4.21,4.17,4.08,3.94,3.74,3.66,3.51,3.46,3.38,3.24,3.15,2.99,2.88,2.92,2.42,,,
Norway,NOR,"Hospital beds (per 1,000 people)",SH.MED.BEDS.ZS,,,,,,,,,,,,,,,,,,,,,,,,,,,5.900000095,5.699999809,5.300000191,4.800000191,4.599999905,4.400000095,4.300000191,4.199999809,4.099999905,4,4,4,4,3.900000095,3.8,3.82,4.99,4.99,5.25,5.16,5.03,4.86,4.64,4.52,4.3,4.2,3.97,3.86,3.84,3.76,3.68,3.6,3.52,3.48,3.4,3.4,3.35,3.3,,
Nepal,NPL,"Hospital beds (per 1,000 people)",SH.MED.BEDS.ZS,0.115763798,,,,,,,,,,0.135299996,,,,,0.137700006,,,,,0.175600007,,,,,0.180199996,,0.226999998,0.239800006,0.244299993,0.243599996,0.237200007,0.242599994,0.238700002,0.232299998,0.170000002,0.159999996,0.170000002,,0.200000003,,0.21,0.21,0.2,0.2,0.26,0.26,0.26,0.26,0.26,0.25,0.26,0.26,0.26,0.27,0.25,0.28,0.29,0.29,0.29,0.28,0.39,0.53,0.54,,
Nauru,NRU,"Hospital beds (per 1,000 people)",SH.MED.BEDS.ZS,,,,,,,,,,,,,,,,,,,,,,,,,,,,,,,,,,,,,,,,,,,,,,,,,,,4.97,,,,,,,,,,,,,,,
New Zealand,NZL,"Hospital beds (per 1,000 people)",SH.MED.BEDS.ZS,11.69999981,,,,,,,,,,10.80000019,,,,,,,,,,10.19999981,,,,,9.5,,,,,8.5,7.400000095,7.099999905,6.5,6.699999809,6.199999809,6.099999905,6.099999905,6.199999809,,,,,,,,,,,2.41,2.75,2.82,2.83,2.78,2.74,2.7,2.72,2.7,2.59,2.54,2.5,2.67,2.57,2.51,,
OECD members,OED,"Hospital beds (per 1,000 people)",SH.MED.BEDS.ZS,8.561445674,,,,,,,,,,8.661040628,,,,,,,,,,7.553216584,,,,,7.977872281,,,,,5.555498638,5.790074537,5.519746765,6.392987666,6.527961737,6.308282377,6.001057473,6.06859305,5.953769662,5.844308333,5.776598289,5.693032192,5.434273829,5.386386137,5.317448744,5.247554261,5.197831669,5.18897341,5.124417479,5.061126544,4.890561038,4.83797789,4.823602364,4.787483492,4.764935345,4.711265186,4.690317809,4.703777685,4.66373497,4.600426834,4.570889717,4.664910275,4.619862056,,,
Oman,OMN,"Hospital beds (per 1,000 people)",SH.MED.BEDS.ZS,0.335125446,,,,,,,,,,,,,,,,,,,,1.620300055,1.607599974,,,,,,,,2.507200003,2.108799934,,,,,,,,2.200000048,,1.99,1.94,1.91,1.9,1.86,1.85,1.81,1.77,1.75,1.73,1.7,1.52,1.31,1.26,1.22,1.19,1.15,1.11,1.09,1.1,1.16,1.15,1.05,0.99,,
Other small states,OSS,"Hospital beds (per 1,000 people)",SH.MED.BEDS.ZS,,,,,,,,,,,,,,,,,,,,,,,,,,,,,,,,,,,,,,,,,,,,,,,3.659764289,,,,2.959493987,,3.192718953,2.92464471,3.033198086,2.794644867,3.149883233,2.774114194,2.756174106,3.021492569,3.024758415,,,,,
Pakistan,PAK,"Hospital beds (per 1,000 people)",SH.MED.BEDS.ZS,0.557261586,,,,,,,,,,0.520799994,,,,,0.526300013,,,,,0.573099971,0.569299996,,,,,0.5995,,,0.604300022,0.639999986,0.652199984,0.644699991,0.651499987,,,,,,,0.49,0.5,0.49,0.48,0.48,0.47,0.46,0.46,0.44,0.43,0.42,0.43,0.45,0.47,0.47,0.46,0.49,0.5,0.5,0.5,0.63,,,,,
Panama,PAN,"Hospital beds (per 1,000 people)",SH.MED.BEDS.ZS,3.775310755,,,,,,,,,,2.974100113,,,,,3.381700039,,,,,,,,,,3.353300095,,,,,2.5,,,2.700000048,,,2.210000038,,,,2.31,2.23,2.19,2.16,2.1,1.99,2.06,2.09,2.2,2.27,2.13,2.07,2.12,2.13,2.05,2.09,2.06,2.15,1.96,1.94,1.92,2.18,2.07,1.95,,
Peru,PER,"Hospital beds (per 1,000 people)",SH.MED.BEDS.ZS,2.411438942,,,,,,,,,,2.172800064,,,,,2.5,,,,,,,,,,1.684499979,,,,,1.413200021,,1.5,1.299999952,1.35710001,,1.470000029,,,,,,,,,,,,,,,1.55,1.55,1.55,1.6,1.6,1.64,1.63,1.61,1.6,1.67,1.63,1.59,1.56,,
Philippines,PHL,"Hospital beds (per 1,000 people)",SH.MED.BEDS.ZS,0.838957667,,,,,,,,,,1.189800024,,,,,1.709499955,1.709400058,,,,1.708899975,,1.713500023,1.714699984,1.715299964,1.755699992,1.71420002,,,,1.391899943,1.274500012,1.370100021,1.071099997,,,,,,,0.99,0.98,1.03,1,0.95,0.98,1.03,1.02,1.52,1.02,1.02,1.04,1.01,0.95,0.92,0.93,1.03,0.98,0.94,0.98,0.99,0.97,,,,
Palau,PLW,"Hospital beds (per 1,000 people)",SH.MED.BEDS.ZS,,,,,,,,,,,,,,,,,,,,,,,,,,,,,,,,,,,,,,,4.4,,,,,,,,,,,,4.34,,,,,,,,,,,,,,,
Papua New Guinea,PNG,"Hospital beds (per 1,000 people)",SH.MED.BEDS.ZS,,,,,,,,,,,6.602399826,,,,,4.943200111,,,,,5.544400215,,,,4.998300076,4.7354002,,,,3.329900026,4.024199963,,,,,,,,,,,,,,,,,,,,,,,,,,,,,0.17,,,,0.62,,
Poland,POL,"Hospital beds (per 1,000 people)",SH.MED.BEDS.ZS,4.599999905,,,,,,,,,,5.199999809,,,,,,,,,,5.599999905,,,,,5.699999809,,,,,5.699999809,5.699999809,5.599999905,5.599999905,5.599999905,5.5,5.5,5.400000095,5.300000191,5.099999905,,,,6.68,6.67,6.53,6.48,6.44,6.64,6.68,6.6,6.6,6.6,6.57,6.58,6.59,6.59,6.58,6.49,6.13,6.15,6.22,6.04,,,
Pre-demographic dividend,PRE,"Hospital beds (per 1,000 people)",SH.MED.BEDS.ZS,1.421182047,,,,,,,,,,1.369681598,,,,,,,,,,,,,,,,,,,,1.326116783,,,,,,,,,,,,,,,,,,,,,,,,,,,,,,,,,,,
Puerto Rico (US),PRI,"Hospital beds (per 1,000 people)",SH.MED.BEDS.ZS,,,,,,,,,,,,,,,,,,,,,,,,,,,,,,,,,,,,,3.319999933,,,,,,,,,,,,,,,,,,,,,,,,,,,,,
"Korea, Dem. People's Rep.",PRK,"Hospital beds (per 1,000 people)",SH.MED.BEDS.ZS,,,,,,,,,,,,,,,,,,,,,,,,,,,,,,,,,,,,,,,,,,,,,,,,,,,14.3,,13.2,,,,,,12.8,,,,,,,
Portugal,PRT,"Hospital beds (per 1,000 people)",SH.MED.BEDS.ZS,,,,,,,,,,,,,,,,,,,,,,,,,,4,4,4,4,4.099999905,4.099999905,4.099999905,4,3.900000095,3.900000095,3.900000095,4,3.900000095,3.900000095,3.799999952,3.71,3.65,3.57,3.58,3.59,3.56,3.48,3.43,3.39,3.37,3.37,3.37,3.41,3.39,3.32,3.36,3.39,3.38,3.43,3.49,3.47,3.49,3.48,,,
Paraguay,PRY,"Hospital beds (per 1,000 people)",SH.MED.BEDS.ZS,2.389250755,,,,,,,,,,1.629400015,,,,,1.682999969,,,,,,,,,,,,,,1.32009995,0.932200015,,,1.299999952,0.600899994,,1.340000033,,,,0.79,0.78,0.83,0.81,0.78,0.82,0.81,0.8,0.82,0.82,0.84,0.83,0.85,0.87,0.89,0.85,0.89,0.89,0.9,0.91,1.01,1.13,1.04,,,
West Bank and Gaza,PSE,"Hospital beds (per 1,000 people)",SH.MED.BEDS.ZS,,,,,,,,,,,,,,,,,,,,,,,,,,,,,,,,,,,,,1.200000048,,,,1.19,1.37,1.38,1.25,1.25,1.3,1.34,1.34,1.28,2.19,1.3,1.3,1.3,1.25,1.31,1.28,1.28,1.32,1.33,1.29,1.28,1.49,1.3,,,
Pacific island small states,PSS,"Hospital beds (per 1,000 people)",SH.MED.BEDS.ZS,4.836772842,,,,,,,,,,4.957495017,,,,,,,,,,3.616154061,3.718200794,,,,,,,,,,,,,,,,,,,,,,,,,,,,,,,,,,,,,,,,,,,,
Post-demographic dividend,PST,"Hospital beds (per 1,000 people)",SH.MED.BEDS.ZS,9.286607696,,,,,,,,,,9.437083236,,,,,,,,,,8.97160853,,,,,8.685062083,,,,,7.025540071,7.039806819,6.740245707,7.762976719,7.742867529,7.489666357,7.281445124,7.088076867,6.921199297,6.778968114,6.497453546,6.410103271,6.327524351,6.222955159,6.139244616,6.073349732,6.011743252,6.016916003,5.922465902,5.8854908,5.832059965,5.762287293,5.749712105,5.701652457,5.627553965,5.561058307,5.517723126,5.551953072,5.509619509,5.446944223,5.398066701,5.351399284,5.32372143,,,
French Polynesia,PYF,"Hospital beds (per 1,000 people)",SH.MED.BEDS.ZS,,,,,,,,,,,,,,,,,,,,,,,,,,,,,,,,,,,,,,,,,,,,,,,,,,,,,,,,,,,,,,,,,,
Qatar,QAT,"Hospital beds (per 1,000 people)",SH.MED.BEDS.ZS,,,,,,,,,,,5.531499863,,,,,,,,,,,2.939599991,,,,,,,,2.300299883,,,,,,,,1.649999976,,,2.08,2.12,2.05,1.97,2,2.01,2.2,1.68,1.43,1.27,1.22,1.22,1.31,1.18,1.08,1.01,1.01,0.94,1.03,1.12,,1.3,1.25,,,
Romania,ROU,"Hospital beds (per 1,000 people)",SH.MED.BEDS.ZS,7.273270607,,,,,,,,,,,,,,,,,,,,8.776200294,8.775099754,8.810700417,,8.895799637,8.940400124,8.94659996,8.950200081,8.942199707,8.93710041,8.919899941,8.922100067,7.862100124,7.869900227,7.69449997,7.639999867,7.559999943,7.380000114,7.309999943,7.309999943,7.83,7.91,7.68,6.79,6.83,6.91,6.92,6.75,6.82,6.91,6.59,6.46,6.56,6.65,6.69,6.77,6.81,6.86,6.92,7.01,7.07,7.16,7.23,,,
Russian Federation,RUS,"Hospital beds (per 1,000 people)",SH.MED.BEDS.ZS,,,,,,,,,,,,,,,,,,,,,,,,,,12.98159981,13.04629993,13.11760044,13.17520046,13.18620014,13.05529976,12.70199966,12.23429966,12.19589996,11.96119976,11.86999989,11.63000011,11.34000015,11.10999966,10.85000038,10.73,10.66,10.49,10.34,9.79,9.64,9.55,9.39,9.12,8.89,8.69,8.51,8.33,8.08,7.85,7.55,7.37,7.21,7.14,7.03,7.05,6.99,6.84,6.81,,
Rwanda,RWA,"Hospital beds (per 1,000 people)",SH.MED.BEDS.ZS,,,,,,,,,,,1.253999949,,,,,1.242599964,,,,,1.527999997,1.478099942,,,,,,,,0.867900014,1.65199995,,,,,,,,,,,,,,,,,,0.6,0.75,0.74,0.72,0.71,0.77,0.71,0.74,0.73,0.72,0.73,0.73,0.74,0.74,0.73,0.75,,
South Asia,SAS,"Hospital beds (per 1,000 people)",SH.MED.BEDS.ZS,0.508169996,,,,,,,,,,0.593198906,,,,,0.636647061,,,,,0.737794607,0.749125094,,,,0.703434175,,0.707362448,,,,0.722633861,,,,,,,,,2.144500418,2.06418951,2.023709404,1.998030678,1.965388988,1.931492075,1.907215214,1.716223676,1.700496213,1.6902883,1.670602241,1.653939325,1.638045678,1.618187297,1.604512285,1.60463686,1.59156502,1.580779139,1.568557122,1.55355778,1.552447597,1.535325131,,,,
Saudi Arabia,SAU,"Hospital beds (per 1,000 people)",SH.MED.BEDS.ZS,0.774723947,,,,,,,,,,1.181399941,,,,,,,,,,,1.458199978,,,,,,,,,2.496400118,,,,,,,2.299999952,,,,,2.63,2.62,2.6,2.59,2.49,2.39,2.31,2.31,2.31,2.25,2.26,2.31,2.34,2.32,2.31,2.37,2.48,2.53,2.54,2.46,2.44,2.41,,
Sudan,SDN,"Hospital beds (per 1,000 people)",SH.MED.BEDS.ZS,1.006500959,,,,,,,,,,1.042600036,,,,,0.993200004,,,,,0.890699983,0.870199978,,,,,,,,,1.088000059,,,,,,,,,,0.81,0.74,0.73,0.73,0.71,0.72,0.73,0.73,0.73,0.73,0.72,0.84,0.82,0.82,0.8,0.67,0.67,0.74,0.66,0.66,0.66,0.66,,,,
Senegal,SEN,"Hospital beds (per 1,000 people)",SH.MED.BEDS.ZS,1.313147187,,,,,,,,,,1.298499942,,,,,1.290099978,,,,,,,,,,,,,,0.523999989,0.729600012,,,,0.247500002,,0.449999988,,0.400000006,,,,,,,,,,,,,,,,,0.68,0.72,,,0.71,,,,,,
Singapore,SGP,"Hospital beds (per 1,000 people)",SH.MED.BEDS.ZS,4.392466545,,,,,,,,,,3.698299885,,,,,3.333300114,,,,,3.956500053,3.907999992,,,,,,,,,3.607800007,3.547199965,3.451400042,3.642699957,3.56520009,,,,,,,,,,,,2.51,2.4,2.31,2.26,2.19,2.14,2.19,2.19,2.25,2.4,2.5,2.49,2.58,2.69,2.77,2.84,2.83,2.81,,
Solomon Islands,SLB,"Hospital beds (per 1,000 people)",SH.MED.BEDS.ZS,7.330508709,,,,,,,,,,7.341599941,,,,,,,,,,,5.682899952,,,,,,,,,0.828100026,,2.748100042,,,,,,,,,,,,,,,,,,,,,,,,,,,,,,,,,
Sierra Leone,SLE,"Hospital beds (per 1,000 people)",SH.MED.BEDS.ZS,0.772869229,,,,,,,,,,0.925499976,,,,,0.906899989,,,,,1.21449995,,,,,,,,,,,,,,,,,,,,,,,,,,0.4,,,,,,,,,,,,,,,,,,,
El Salvador,SLV,"Hospital beds (per 1,000 people)",SH.MED.BEDS.ZS,2.183475494,,,,,,,,,,1.902400017,,,,,1.985000014,,,,,,,,,,,,,,,1.471099973,,,1.5,,,1.649999976,,,,,,,,,,,,,,,1.05,1.09,1.09,1.38,1.04,1.08,1.07,1.08,1.07,1.09,1.17,1.2,1.21,,
San Marino,SMR,"Hospital beds (per 1,000 people)",SH.MED.BEDS.ZS,,,,,,,,,,,,,,,,,,,,,6.671999931,,,,6.820000172,6.768000126,6.699999809,6.65899992,7.657000065,7.445000172,7.159999847,,,,,,,,,,,,,,,,,,,,,3.51,3.37,3.36,3.35,,,,,,,,,,,
"Somalia, Fed. Rep.",SOM,"Hospital beds (per 1,000 people)",SH.MED.BEDS.ZS,1.355319142,,,,,,,,,,1.355700016,,,,,1.422000051,,,,,,,,,,,,,0.906300008,,0.753499985,,,,,,,0.400000006,,,0.42,0.42,0.42,0.42,0.42,,,,,,,0.87,,0.87,0.87,0.87,0.87,0.87,0.87,0.87,,,,,,
Serbia,SRB,"Hospital beds (per 1,000 people)",SH.MED.BEDS.ZS,,,,,,,,,,,,,,,,,,,,,,,,,,,,,,,,,,,,,,,,,,,,,,,5.47,5.27,5.26,5.28,5.31,5.33,5.35,5.41,5.45,5.52,5.54,5.57,5.61,5.67,5.69,5.76,5.78,,,
Sub-Saharan Africa (excluding high income),SSA,"Hospital beds (per 1,000 people)",SH.MED.BEDS.ZS,1.403603123,,,,,,,,,,1.361926166,,,,,1.280102476,,,,,,,,,,,,,,,1.212532951,,,,,,,,,,,,,,,,,,,,,,,,,,,,,,,,,,,
South Sudan,SSD,"Hospital beds (per 1,000 people)",SH.MED.BEDS.ZS,,,,,,,,,,,,,,,,,,,,,,,,,,,,,,,,,,,,,,,,,,,,,,,,,,,,,,,,,,,,,,,,,,
Sub-Saharan Africa,SSF,"Hospital beds (per 1,000 people)",SH.MED.BEDS.ZS,1.404770963,,,,,,,,,,1.363021284,,,,,1.281030254,,,,,,,,,,,,,,,1.212532951,,,,,,,,,,,,,,,,,,,,,,,,,,,,,,,,,,,
Small states,SST,"Hospital beds (per 1,000 people)",SH.MED.BEDS.ZS,,,,,,,,,,,,,,,,,,,,,,,,,,,,,,,,,,,,,,,,,,,,,,,,,,,2.830792212,,,2.786536934,2.873712234,2.693711296,2.907852561,2.665747386,2.703228322,2.902505126,,,,,,
Sao Tome and Principe,STP,"Hospital beds (per 1,000 people)",SH.MED.BEDS.ZS,40.31545639,,,,,,,,,,26.71229935,,,,,,,,,,,,,,,,,,,,,4.737299919,,,,,,,,,,,,,,,,,,,,,,,,,,,,2.91,,,,,,
Suriname,SUR,"Hospital beds (per 1,000 people)",SH.MED.BEDS.ZS,6.510344982,,,,,,,,,,5.677400112,,,,,,,,,,8.926799774,,,,,,,,,,5.699999809,,,,,3.1,3.74000001,,,,,,,,,,,,,,2.97,3.03,2.99,2.96,2.93,2.9,2.8,2.83,2.85,2.69,2.87,2.82,2.87,,,
Slovak Republic,SVK,"Hospital beds (per 1,000 people)",SH.MED.BEDS.ZS,,,,,,,,,,,,,,,,,,,,,,,,,,8.95471,8.94222,8.95051,8.81316,8.81631,7.448200226,7.577899933,7.560900211,7.874000073,7.099299908,,8.300000191,8.100000382,8,8,7.87,7.67,7.57,7.24,6.91,6.78,6.73,6.78,6.59,6.55,6.46,6.05,5.91,5.81,5.79,5.75,5.79,5.82,5.7,5.76,5.69,5.68,5.65,5.57,,
Slovenia,SVN,"Hospital beds (per 1,000 people)",SH.MED.BEDS.ZS,,,,,,,,,,,,,,,,,,,,,6.952600002,,6.679500103,,6.500999928,6.326099873,6.26789999,6.215300083,6.138000011,6.063399792,6.040800095,6.011300087,5.936999798,5.800700188,5.776899815,5.75,5.659999847,5.670000076,5.619999886,5.550000191,5.41,5.17,5.09,4.97,4.81,4.84,4.78,4.67,4.73,4.61,4.58,4.63,4.55,4.56,4.55,4.52,4.5,4.51,4.44,4.44,4.28,4.24,4.11,,,
Sweden,SWE,"Hospital beds (per 1,000 people)",SH.MED.BEDS.ZS,14.19999981,,,,,,,,,,15.30000019,,,,,,,,,,15.10000038,,,,,14.60000038,,,,,12.39999962,11.89999962,7.599999905,7,6.5,4.900000095,4.400000095,5.2,3.799999952,3.700000048,3.58,3.27,3.13,3.05,3.01,2.93,2.89,2.86,2.81,2.76,2.73,2.7,2.66,2.59,2.54,2.44,2.34,2.21,2.13,2.07,2.05,2,1.9,,,
Eswatini,SWZ,"Hospital beds (per 1,000 people)",SH.MED.BEDS.ZS,1.944785237,,,,,,,,,,3.374700069,,,,,,,,,,,,,,,,,,,,,,,,,,,,,,,,,,,,,,,,,,,2.02,,,,,,,,,,,,
Sint Maarten (Dutch part),SXM,"Hospital beds (per 1,000 people)",SH.MED.BEDS.ZS,,,,,,,,,,,,,,,,,,,,,,,,,,,,,,,,,,,,,,,,,,,,,,,,,,,,,,,,,,,,,,,,,,
Seychelles,SYC,"Hospital beds (per 1,000 people)",SH.MED.BEDS.ZS,7.098321438,,,,,,,,,,6.492499828,,,,,4.949699879,,,,,,,,,,4.822000027,,,,6.283299923,,,,,,,,,,,,,,4.81,4.72,4.58,4.61,4.38,3.68,3.51,3.47,3.25,3.08,2.96,2.89,2.82,2.75,2.69,2.9,2.88,2.8,2.74,2.68,2.63,,
Syrian Arab Republic,SYR,"Hospital beds (per 1,000 people)",SH.MED.BEDS.ZS,1.076737523,,,,,,,,,,0.993399978,,,,,1,,,,,1.104500055,1.145799994,,,,,,,,,1.086500049,,,,,,1.5,,1.5,1.399999976,1.4,1.4,1.38,1.49,1.49,1.28,1.47,1.47,1.54,1.51,1.54,1.55,1.53,1.52,1.5,1.47,1.46,1.4,1.26,1.26,1.39,1.43,,,,
Turks and Caicos Islands,TCA,"Hospital beds (per 1,000 people)",SH.MED.BEDS.ZS,,,,,,,,,,,,,,,,,,,,,,,,,,,,,,,,,,,,,,,,,,,,,,,,,,,,,,,,,,,,,,,,,,
Chad,TCD,"Hospital beds (per 1,000 people)",SH.MED.BEDS.ZS,0.697454333,,,,,,,,,,1.309999943,,,,,,,,,,,,,,,,,,,,,0.720099986,,,,,,,,,,,,,,,,,,,,,,,,0.47,,0.44,,,0.15,,,,,
East Asia & Pacific (IDA & IBRD countries),TEA,"Hospital beds (per 1,000 people)",SH.MED.BEDS.ZS,,,,,,1.440000057,1.519999981,1.5,1.450000048,1.450000048,1.438996049,1.580000043,1.710000038,1.769999981,1.850000024,1.779084716,1.987109021,2.069999933,2.140000105,2.200000048,2.222524042,2.29376796,2.23384637,2.26208045,2.30811661,2.118230669,2.365421152,2.479968954,2.53728792,2.351986618,2.275397829,2.269606486,2.275195492,2.288472333,2.346436981,2.572288104,2.540908346,2.499919781,2.251053021,2.504884862,1.550092539,1.533916113,1.554758203,1.55095225,1.599023109,1.628117204,1.687720248,1.750256015,1.861179487,1.950917225,2.083500303,2.258177823,2.508382533,2.703458288,2.884295877,3.048555528,3.22522421,3.425097335,3.644765,3.820777406,3.99853557,4.221101671,4.567885223,4.730707006,,
Europe & Central Asia (IDA & IBRD countries),TEC,"Hospital beds (per 1,000 people)",SH.MED.BEDS.ZS,,,,,,,,,,,,,,,,,,,,,,,,,,10.12051336,10.62076031,10.65178034,10.68279686,10.70113644,10.23207555,10.00465465,9.772110734,9.609346237,9.333245593,9.121718974,8.752417203,8.262586636,7.963196353,7.745174209,8.872048507,8.775250018,7.567495726,7.357973781,7.113411557,7.038926562,6.964657696,6.868167587,6.78276248,6.770078845,6.635339969,6.477028886,6.381002506,6.241566366,6.009271173,5.877844252,5.772187314,5.70594604,5.688034729,5.597083448,5.696512678,5.601842489,5.610383503,5.373303786,,
Togo,TGO,"Hospital beds (per 1,000 people)",SH.MED.BEDS.ZS,1.265091896,,,,,,,,,,1.533300042,,,,,1.439900041,,,,,,,,,,,,,,,1.511100054,,,,,,,,,,,,0.92,0.81,0.78,0.7,0.84,0.64,0.62,0.63,0.57,0.56,0.63,0.62,0.61,0.64,0.65,0.64,0.63,0.56,0.37,0.41,0.33,,,
Thailand,THA,"Hospital beds (per 1,000 people)",SH.MED.BEDS.ZS,0.740034878,,,,,,,,,,1.137300014,,,,,1.111899972,,,,,1.535099983,,,,,,,,,,1.63259995,1.661299944,1.706699967,,,1.99000001,,,,2.200000048,2.16,2.16,2.09,2.08,2.04,2.01,2.02,2.07,1.86,1.73,1.96,2.09,2.12,2.17,2.14,2.13,2,2.12,2.1,2.21,2.32,2.34,2.39,2.39,,
Tajikistan,TJK,"Hospital beds (per 1,000 people)",SH.MED.BEDS.ZS,,,,,,,,,,,,,,,,,,,,,,,,,,10.64480019,10.64490032,10.65559959,10.67420006,10.62979984,10.66180038,10.96290016,11.24230003,10.68120003,8.941300392,8.199999809,7.46999979,7.21999979,6.909999847,6.800000191,6.44,6.3,6.19,6.04,5.97,5.86,5.72,5.4,5.27,5.16,4.99,4.88,4.76,4.7,4.59,4.52,4.49,4.41,4.34,4.26,4.26,4.22,4.22,4.04,,
Turkmenistan,TKM,"Hospital beds (per 1,000 people)",SH.MED.BEDS.ZS,,,,,,,,,,,,,,,,,,,,,10.46049976,,,,,10.66800022,11.12220001,11.10499954,11.12930012,11.19340038,11.48499966,11.55500031,11.41530037,11.67889977,11.47070026,10.26000023,8.010000229,7.110000134,,,5.21,5.31,5.19,5.08,4.92,4.21,4.13,3.85,3.8,3.77,3.71,3.65,3.53,3.47,3.52,3.94,3.88,3.86,3.82,3.73,3.68,3.6,,,,
Latin America & the Caribbean (IDA & IBRD countries),TLA,"Hospital beds (per 1,000 people)",SH.MED.BEDS.ZS,3.38839041,,,,,,,,,,3.421975768,,,,,,,,,,,,,,,,,,,,2.41880723,,,2.483461964,,,2.188998984,,,,,,,,,,,1.845960869,1.900270349,1.877947511,1.83909356,1.927218568,1.982762981,2.009358647,1.93642088,1.905221688,1.93961809,1.898315598,1.849804495,1.829207608,1.87684903,1.959265618,,,,
Timor-Leste,TLS,"Hospital beds (per 1,000 people)",SH.MED.BEDS.ZS,,,,,,,,,,,,,,,,,,,,,,,,,,,,,,,,,,,,,,,,,,,,,,,,,,,0.44,,,,,0.39,,0.42,0.42,0.41,0.4,0.39,0.39,0.38,,
"Middle East, North Africa, Afghanistan & Pakistan (IDA & IBRD)",TMN,"Hospital beds (per 1,000 people)",SH.MED.BEDS.ZS,1.361844132,,,,,,,,,,1.383157613,,,,,,,,,,1.257943276,1.247861285,,,,,,,,,1.334916165,,,,,,,,,,1.147637289,1.21169651,1.213690841,1.219901058,1.228551145,1.155436207,1.210994941,1.132152379,1.109822245,1.070269354,1.0695927,0.987018221,1.047256355,1.052445865,1.054981458,1.064077445,1.080731626,1.060896899,1.011650644,0.979973249,0.882696033,,,,,
Tonga,TON,"Hospital beds (per 1,000 people)",SH.MED.BEDS.ZS,2.5,,,,,,,,,,2.592999935,,,,,,,,,,3.446799994,3.539400101,,,,,,,,,,,,,,,,,,,,,,,,,,,,,2.48,,,,,,,,,,,,,,,
South Asia (IDA & IBRD),TSA,"Hospital beds (per 1,000 people)",SH.MED.BEDS.ZS,0.508169996,,,,,,,,,,0.593198906,,,,,0.636647061,,,,,0.737794607,0.749125094,,,,0.703434175,,0.707362448,,,,0.722633861,,,,,,,,,2.144500418,2.06418951,2.023709404,1.998030678,1.965388988,1.931492075,1.907215214,1.716223676,1.700496213,1.6902883,1.670602241,1.653939325,1.638045678,1.618187297,1.604512285,1.60463686,1.59156502,1.580779139,1.568557122,1.55355778,1.552447597,1.535325131,,,,
Sub-Saharan Africa (IDA & IBRD countries),TSS,"Hospital beds (per 1,000 people)",SH.MED.BEDS.ZS,1.404770963,,,,,,,,,,1.363021284,,,,,1.281030254,,,,,,,,,,,,,,,1.212532951,,,,,,,,,,,,,,,,,,,,,,,,,,,,,,,,,,,
Trinidad and Tobago,TTO,"Hospital beds (per 1,000 people)",SH.MED.BEDS.ZS,5.589560986,,,,,,,,,,4.943399906,,,,,4.985199928,,,,,,,,,,,5.03730011,,,,4,,,3.242599964,,3.8,5.110000134,,,,,,,,,,,,,,2.05,,2.6,2.58,2.85,2.43,2.46,2.47,2.44,1.95,1.97,1.65,1.96,2.37,,
Tunisia,TUN,"Hospital beds (per 1,000 people)",SH.MED.BEDS.ZS,2.467661619,,,,,,,,,,2.444299936,,,,,2.5,,,,,2.125799894,,,,,,,,,1.96570003,1.916700006,2.012300015,2.857300043,,1.761500001,,2,1.700000048,,,1.71,,1.67,1.67,1.72,1.72,1.74,1.72,1.78,1.8,1.82,1.8,1.79,1.81,1.79,1.8,1.79,1.81,1.82,1.82,2.42,2.46,,1.82,,
Turkiye,TUR,"Hospital beds (per 1,000 people)",SH.MED.BEDS.ZS,1.700000048,,,,,1.799999952,,,,,2,,,,,2,,,,,2.200000048,,,,,2.099999905,2.099999905,2.099999905,2.099999905,2.099999905,2.400000095,2.400000095,2.400000095,2.5,2.5,2.5,2.5,2.5,2.5,2.599999905,,,2.45,2.44,2.43,2.47,2.49,2.52,2.56,2.6,2.73,2.62,2.66,2.64,2.65,2.62,2.67,2.72,2.75,2.78,2.92,2.94,3.01,3.05,,
Tuvalu,TUV,"Hospital beds (per 1,000 people)",SH.MED.BEDS.ZS,,,,,,,,,,,,,,,,,,,,,,,,,,,,,,,,,,,,,,,,,,4.16,,,,,,,,,,,,,,,,,,,,,,,,
Tanzania,TZA,"Hospital beds (per 1,000 people)",SH.MED.BEDS.ZS,1.490445852,,,,,,,,,,,,,,,,1.431300044,,1.43719995,,1.397500038,,1.365800023,,1.30309999,,,,1.090399981,,1.024600029,,0.890299976,,,,,,,,,,,,,,,,,0.63,0.74,0.76,,1.01,0.68,,0.46,,0.44,0.62,0.64,0.64,0.84,,,
Uganda,UGA,"Hospital beds (per 1,000 people)",SH.MED.BEDS.ZS,1.480798483,,,,,,,,,,1.558699965,,,,,1.648499966,,,,,,1.512500048,,,,,,,1.315400004,,,0.916199982,,,,,,,,,,,,,,,,,,0.4,0.5,,,,,,,,,,,,,,,
Ukraine,UKR,"Hospital beds (per 1,000 people)",SH.MED.BEDS.ZS,,,,,,,,,,,,,,,,,,,,,12.14350033,12.25329971,12.35779953,12.44480038,12.5909996,12.69499969,12.78759956,12.85060024,12.93039989,13.00640011,13.01309967,12.9691,12.72900009,12.47070026,12.30220032,11.89000034,10.84000015,9.369999886,9.039999962,8.949999809,8.76,8.74,8.77,8.69,8.6,8.56,8.61,8.59,8.61,9.25,9.23,8.9,8.75,8.63,7.31,7.27,6.91,6.8,6.68,6.56,6.15,5.53,6.14,,,
Upper middle income,UMC,"Hospital beds (per 1,000 people)",SH.MED.BEDS.ZS,,,,,,,,,,,1.800951199,,,,,2.07663183,,,,,2.78900525,,,,,2.801842847,,3.233179856,,2.948367997,2.818119213,2.836675079,2.808400137,2.865180158,2.834538449,,2.8845433,,2.558895653,,1.974821538,1.94007918,1.97307074,1.94325254,1.945373599,1.996719281,2.039116626,2.100088208,2.187464237,2.236272233,2.325598268,2.438711905,2.604560935,2.759754115,2.840169579,2.980188481,3.099302239,3.193429184,3.351119479,3.497141803,3.688264315,3.805069048,4.18021425,4.524516833,,
Uruguay,URY,"Hospital beds (per 1,000 people)",SH.MED.BEDS.ZS,5.511820316,,,,,,,,,,5.912700176,,,,,5.00180006,,,,,,,,,,3.245800018,,,,,4.522600174,,,4.5,,,4.389999867,,,,,,,,,1.05,1,0.99,0.96,1.11,2.61,2.58,2.54,2.54,2.5,2.48,2.51,2.47,2.52,2.5,2.52,2.5,2.51,2.44,,
United States,USA,"Hospital beds (per 1,000 people)",SH.MED.BEDS.ZS,9.199999809,,,,,8.800000191,,,,,7.900000095,7.5,7.400000095,7.199999809,7.099999905,6.800000191,6.599999905,6.400000095,6.199999809,6.099999905,6,5.900000095,5.900000095,5.800000191,5.699999809,5.5,5.400000095,5.199999809,5.099999905,5,4.900000095,4.800000191,4.599999905,4.5,4.300000191,4.099999905,3.900000095,3.799999952,3.700000048,3.599999905,3.49,3.47,3.4,3.33,3.26,3.2,3.17,3.13,3.12,3.07,3.03,2.94,2.9,2.86,2.79,2.75,2.72,2.8,2.76,2.72,2.71,2.7,2.68,,,
Uzbekistan,UZB,"Hospital beds (per 1,000 people)",SH.MED.BEDS.ZS,,,,,,,,,,,,,,,,,,,,,9.176300049,,,,,11.83419991,11.95569992,11.94569969,12.21619987,12.28509998,12.48279953,10.94729996,10.75409985,9.394200325,8.663299561,8.300000191,7.929999828,6.480000019,5.550000191,5.389999867,5.59,5.58,5.79,5.71,5.49,5.4,5.38,5.13,5,5,4.92,4.85,4.73,4.51,4.33,4.22,4.22,4.26,4.74,4.65,4.77,4.83,4.78,4.89,,
St. Vincent and the Grenadines,VCT,"Hospital beds (per 1,000 people)",SH.MED.BEDS.ZS,4.824999809,,,,,,,,,,4.988599777,,,,,,,,,,,,,,,,,,,,4.699999809,,,5.015299797,,,1.850000024,,,,,,,,,,,,,,,2.52,2.42,2.43,2.45,4.43,4.46,,,3.99,4.02,4.26,3.21,,,
"Venezuela, RB",VEN,"Hospital beds (per 1,000 people)",SH.MED.BEDS.ZS,,,,,,,,,,,,,,,0.342999995,0.331499994,0.342900008,,,,0.331900001,,0.370400012,0.358200014,0.372799993,2.693099976,2.700099945,2.59829998,2.499599934,,2.677900076,2.677599907,2.572999954,2.599999905,,,1.470000029,,,,,,,,,,,,,,,0.94,,,0.79,0.75,0.88,0.91,1.09,0.93,0.99,,,,,
British Virgin Islands,VGB,"Hospital beds (per 1,000 people)",SH.MED.BEDS.ZS,,,,,,,,,,,,,,,,,,,,,,,,,,,,,,,,,,,,,,,,,,,,,,,,,,,,,,,,,,,,,,,,,,
Virgin Islands (U.S.),VIR,"Hospital beds (per 1,000 people)",SH.MED.BEDS.ZS,,,,,,,,,,,,,,,,,,,,,,,,,,,,,,,4.800000191,,,,,,18.68000031,,,,,,,,,,,,,,,,,,,,,,,,,,,,,
Viet Nam,VNM,"Hospital beds (per 1,000 people)",SH.MED.BEDS.ZS,,,,,,,,,,,,,,,,,,,,,3.49729991,3.696099997,,,,,,,,3.301700115,3.832900047,,,,,,,1.669999957,,,1.43,1.44,1.45,1.47,1.55,1.57,1.6,1.71,1.78,1.9,2.02,2.21,2.27,2.3,2.42,2.51,2.47,2.52,,,,,,,,
Vanuatu,VUT,"Hospital beds (per 1,000 people)",SH.MED.BEDS.ZS,5.430769444,,,,,,,,,,10.73490047,,,,,,,,,,6.179399967,,,,,,,,,,,,,,,,,,,,,,,,,,,,1.73,,,,,,,,,,,,,,,,,
World,WLD,"Hospital beds (per 1,000 people)",SH.MED.BEDS.ZS,,,,,,,,,,,3.074681387,,,,,2.4009191,,,,,3.589925029,,,,,4.122378026,,,,,3.630950588,3.418839753,,,,,,,,,3.1287807,3.044363219,2.992009585,2.947117303,2.856700028,2.876733277,2.823483026,2.792735124,2.746982892,2.756841113,2.76587128,2.744244217,2.87418889,2.843654761,2.860664417,2.926845659,2.917698876,2.999687507,3.066872127,3.042912493,3.132059328,3.294305414,,,,
Samoa,WSM,"Hospital beds (per 1,000 people)",SH.MED.BEDS.ZS,5,,,,,,,,,,4.558199883,,,,,,,,,,4.496799946,4.363999844,,,,,,,,,,,,,,,,,,,,,,,,0.95,,,,,,,,,,,,,,,,,,,,
Kosovo,XKX,"Hospital beds (per 1,000 people)",SH.MED.BEDS.ZS,,,,,,,,,,,,,,,,,,,,,,,,,,,,,,,,,,,,,,,,,,,,,,,,,,,,,,,,,,,,,,,,,,
"Yemen, Rep.",YEM,"Hospital beds (per 1,000 people)",SH.MED.BEDS.ZS,0.454545468,,,,,,,,,,0.809700012,,,,,0.865499973,,,,,,,,,,,,,,,0.836199999,,,,,,0.689999998,,0.600000024,,,,,,,,0.61,0.6,0.59,0.61,0.6,0.59,0.57,0.55,0.54,,,,,,,0.41,0.48,0.46,,
South Africa,ZAF,"Hospital beds (per 1,000 people)",SH.MED.BEDS.ZS,,,,,,,,,,,,,,,,,,,,,,,,,,,,,,,,,,,,,,,,,,,2.99,,2.78,,,2.34,2.32,,2.25,,,,,,,,,,,,,,,
Zambia,ZMB,"Hospital beds (per 1,000 people)",SH.MED.BEDS.ZS,2.801655531,,,,,,,,,,3.161099911,,,,,3.336800098,,,,,,3.482199907,,,,,,,,,,,,,,,,,,,,,,,,,,,1.9,,2,,,,,,,,,,,,,,,
Zimbabwe,ZWE,"Hospital beds (per 1,000 people)",SH.MED.BEDS.ZS,3.876646042,,,,,,,,,,3.495399952,,,,,3.313699961,,,,,3.00270009,,,,,1.393599987,,1.940799952,,,0.510500014,,,,,,,,,,,,,,,,,,,1.81,1.78,1.75,1.86,,1.95,,,,,,,,,,,
